id,root_id,crewscore,rating,stuffshipped,stuffharvested,oremined,researchdone,eventsendured,powerloss,mess,meals,disease,deadcommand,arrested,traitorswon,roleswon,allarrested,opkilled,disc,nuked,destranomaly,rec_antags,crew_escaped,crew_dead,crew_total,crew_survived,captain,powerbonus,messbonus,deadaipenalty,foodeaten,clownabuse,richestname,richestjob,richestcash,richestkey,dmgestname,dmgestjob,dmgestdamage,dmgestkey
1,49268,5425,Ambassadors of Discovery,0,0,1470,46,0,0,100,0,0,0,0,0,0,0,0,0,0,0,0,7,0,11,7,"",1,0,0,27,0,0,0,1750,0,0,0,0,0
2,49269,1594,Promotions for Everyone,0,0,347,7,0,0,563,0,0,0,0,0,0,0,0,0,0,0,0,4,4,29,17,"",1,0,0,14,0,0,0,500,0,0,0,0,0
3,49270,6172,Ambassadors of Discovery,0,0,3844,7,0,0,322,8,0,0,0,0,0,0,0,0,0,0,0,6,1,25,8,"",1,0,0,44,98,0,0,6560,0,0,0,10,0
4,49272,-312,A Wretched Heap of Scum and Incompetence,0,0,25,7,0,18,72,3,0,0,0,0,0,0,0,0,0,0,0,2,0,7,3,"",0,0,0,0,0,0,0,150,0,0,0,0,0
5,49275,4523,Promotions for Everyone,0,0,1731,7,0,0,203,12,0,0,0,0,0,0,0,0,0,0,0,9,0,18,17,"",1,0,0,44,13,0,0,2100,0,0,0,0,0
6,49280,2759,Promotions for Everyone,1,0,0,7,0,0,51,0,0,0,0,0,0,0,0,0,0,0,0,1,0,2,1,"",1,0,0,3,0,0,0,800,0,0,0,0,0
7,49281,4004,Promotions for Everyone,2,124,2297,42,0,2,337,14,0,0,0,0,0,0,0,0,0,0,0,20,0,40,30,{Jimmy Scott},0,0,0,110,53,0,0,1455,0,0,0,4,0
8,49282,4255,Promotions for Everyone,10,353,0,40,0,0,178,11,0,0,0,0,0,0,0,0,0,0,0,3,2,19,3,{Nina Greenawalt},1,0,0,82,22,0,0,2035,0,0,0,0,0
9,49283,3954,Promotions for Everyone,2,49,30,42,0,0,220,52,0,0,0,0,0,0,0,0,0,0,0,7,1,14,8,"",1,0,0,35,0,0,0,401020,0,0,0,0,0
10,49284,9230,Ambassadors of Discovery,0,4,6002,61,0,0,426,14,0,0,0,0,0,0,0,0,0,0,0,0,2,56,43,{Theodore Glasgow},1,0,1,92,40,0,0,0,0,0,0,0,0
11,49285,6176,Ambassadors of Discovery,8,103,1223,54,0,0,610,43,0,0,0,0,0,0,0,0,0,0,0,21,0,65,39,{Theodore Glasgow},1,0,0,192,36,0,0,6920,0,0,0,66,0
12,49286,4827,Promotions for Everyone,2,29,1778,7,0,0,295,36,0,0,0,0,0,0,0,0,0,0,0,11,0,19,16,"",1,0,0,35,27,0,0,6620,0,0,0,23,0
13,49287,5165,Ambassadors of Discovery,1,0,1106,51,0,0,251,1,0,0,0,0,0,0,0,0,0,0,0,8,0,20,14,"",1,0,0,55,1,0,0,1945,0,0,0,3,0
14,49288,-3076,You're All Fired,6,0,69,0,0,11,815,10,0,0,0,0,1,0,0,0,0,0,0,0,9,54,41,"",0,0,0,10,0,0,0,0,0,0,0,0,0
15,49289,7408,Ambassadors of Discovery,10,238,2367,49,0,0,667,10,0,0,0,0,0,0,0,0,0,0,0,28,0,72,47,{Artem Pratt},1,0,0,215,78,0,0,7795,0,0,0,110,0
16,49290,6440,Ambassadors of Discovery,1,414,2189,23,0,0,228,70,0,0,0,0,0,0,0,0,0,0,0,18,0,31,26,"",1,0,0,145,19,0,0,1730,0,0,0,1,0
17,49291,3459,Promotions for Everyone,0,30,0,42,0,0,81,0,0,0,0,0,0,0,0,0,0,0,0,0,1,9,0,{Russell Hall},1,0,0,45,0,0,0,0,0,0,0,0,0
18,49292,2625,Promotions for Everyone,4,19,877,44,0,3,406,26,0,0,0,0,0,0,0,0,0,0,0,29,1,66,41,{Johnathan Kiefer},0,0,0,229,25,0,0,6798,0,0,0,0,0
19,49293,2749,Promotions for Everyone,0,18,1198,53,0,4,287,5,0,0,0,0,0,0,0,0,0,0,0,13,0,27,22,"",0,0,0,36,71,0,0,2335,0,0,0,0,0
20,49294,4736,Promotions for Everyone,3,58,4662,60,0,0,1709,35,0,0,0,0,8,0,0,0,0,0,0,21,6,65,31,{Kevin Stinger},1,0,0,229,68,0,0,1568,0,0,0,0,0
21,49295,5277,Ambassadors of Discovery,0,0,1773,67,0,0,276,9,0,0,0,0,0,0,0,0,0,0,0,9,4,33,17,{Persy Watersand},1,0,0,99,0,0,0,1140,0,0,0,57,0
22,49296,2211,Promotions for Everyone,1,7,0,7,0,0,156,10,0,0,0,0,0,0,0,0,0,0,0,1,2,12,1,"",1,0,0,47,0,0,0,659,0,0,0,0,0
23,49297,3217,Promotions for Everyone,3,224,974,50,0,0,1661,21,0,0,0,0,0,0,0,0,0,422,0,14,4,69,36,{Troy Orgail},1,0,0,132,79,0,0,1500,0,0,0,21,0
24,49298,4577,Promotions for Everyone,0,0,870,43,0,0,258,0,0,0,0,0,0,0,0,0,0,0,0,7,0,21,12,{Keegan Hunt},1,0,0,32,7,0,0,1600,0,0,0,0,0
25,49299,5047,Ambassadors of Discovery,3,44,577,51,0,0,249,4,0,0,0,0,0,0,0,0,0,0,0,16,0,36,20,"",1,0,0,105,0,0,0,1500,0,0,0,31,0
26,49300,2475,Promotions for Everyone,1,0,0,7,0,0,85,0,0,0,0,0,0,0,0,0,0,0,0,1,1,3,1,"",1,0,0,2,0,0,0,500,0,0,0,0,0
27,49301,7466,Ambassadors of Discovery,0,17,2960,70,0,0,251,8,0,0,0,0,0,0,0,0,0,0,0,4,0,12,5,"",1,0,0,38,0,0,0,1590,0,0,0,0,0
28,49302,4038,Promotions for Everyone,0,58,1101,7,0,0,196,28,0,0,0,0,0,0,0,0,0,0,0,9,0,16,14,"",1,0,0,101,0,0,0,4000,0,0,0,0,0
29,49304,3091,Promotions for Everyone,0,0,433,7,0,0,52,0,0,0,0,0,0,0,0,0,0,0,0,0,0,2,0,"",1,0,0,0,0,0,0,0,0,0,0,0,0
30,49305,-357,A Wretched Heap of Scum and Incompetence,0,221,805,7,0,10,338,9,0,0,0,0,0,0,0,0,0,0,0,0,4,21,15,{Dorothy Woodward},0,0,0,75,0,0,0,0,0,0,0,0,0
31,49306,2659,Promotions for Everyone,0,0,0,7,0,0,101,0,0,0,0,0,0,0,0,0,0,0,0,2,0,4,4,"",1,0,0,3,0,0,0,51340,0,0,0,0,0
32,49307,2939,Promotions for Everyone,5,316,330,58,0,0,552,11,0,0,0,0,0,0,0,0,0,0,0,17,9,41,25,{Bryan Riker},1,0,0,93,0,0,0,1800,0,0,0,0,0
33,49308,1726,Promotions for Everyone,2,874,0,30,0,15,108,52,0,0,0,0,0,0,0,0,0,0,0,4,0,12,5,"",0,0,0,60,0,0,0,4815,0,0,0,22,0
34,49309,5080,Ambassadors of Discovery,0,70,1040,57,0,0,80,19,0,0,0,0,1,0,0,0,0,0,0,0,0,34,41,"",1,0,0,13,0,0,0,0,0,0,0,0,0
35,49310,4891,Promotions for Everyone,0,131,3944,62,0,0,519,65,0,0,0,0,16,0,0,0,0,0,0,26,0,67,48,{Georg Selinof},1,0,0,175,41,0,0,50000,0,0,0,0,0
36,49311,2147,Promotions for Everyone,0,0,697,7,0,0,1010,0,0,0,0,0,0,0,0,0,0,0,0,0,1,6,3,"",1,0,0,11,0,0,0,0,0,0,0,0,0
37,49312,10299,The Pride of Science Itself,5,598,4545,73,0,0,684,110,0,0,0,0,0,0,0,0,0,0,0,29,2,65,46,"",1,0,0,208,21,0,0,4480,0,0,0,0,0
38,49313,4826,Promotions for Everyone,0,502,227,48,0,0,73,21,0,0,0,0,0,0,0,0,0,0,0,5,0,6,7,"",1,0,0,21,0,0,0,7440,0,0,0,18,0
39,49314,2106,Promotions for Everyone,0,78,0,51,0,1,102,41,0,0,0,0,0,0,0,0,0,0,0,17,0,20,21,{Gennady Whiteman},0,0,0,60,0,0,0,4280,0,0,0,0,0
40,49315,8358,Ambassadors of Discovery,1,275,5128,82,0,1,665,118,0,0,0,0,0,0,0,0,0,636,1,41,2,76,56,{Ferdinand Bellerofont},0,0,0,247,7,0,0,9928,0,0,0,21,0
41,49316,1352,Promotions for Everyone,0,26,40,47,0,1,229,27,0,0,0,0,0,0,0,0,0,0,0,0,0,12,15,{Persy Watersand},0,0,0,6,1,0,0,0,0,0,0,0,0
42,49317,7265,Ambassadors of Discovery,11,220,5596,73,0,1,916,41,0,0,0,0,1,0,1,0,0,0,2,27,7,71,33,{Louis Whiteman},0,0,0,281,10,0,0,4280,0,0,0,145,0
43,49319,-1178,You're All Fired,2,46,615,7,0,1,409,33,0,0,0,0,0,0,0,0,0,0,0,3,8,25,11,{Mihail Kuravlev},0,0,0,54,41,0,0,950,0,0,0,12,0
44,49322,3097,Promotions for Everyone,16,7,2548,7,0,37,1258,5,0,0,0,0,0,0,9,0,0,0,0,9,4,35,13,"",0,0,0,38,0,0,0,760,0,0,0,65,0
45,49324,3895,Promotions for Everyone,4,0,3341,25,0,1,231,3,0,0,0,0,0,0,0,0,0,0,0,0,1,27,17,"",0,0,0,94,25,0,0,0,0,0,0,0,0
46,49327,-393,A Wretched Heap of Scum and Incompetence,0,30,75,7,0,3,143,0,0,0,0,0,0,0,0,0,0,0,0,1,2,7,2,"",0,0,0,23,69,0,0,240,0,0,0,19,0
47,49328,3424,Promotions for Everyone,2,0,340,11,0,0,71,0,0,0,0,0,0,0,0,0,0,0,0,7,0,11,9,{Kane Thompson},1,0,0,42,0,0,0,2454,0,0,0,20,0
48,49331,5327,Ambassadors of Discovery,1,9,568,69,0,0,275,11,0,0,0,0,0,0,0,0,0,0,0,13,0,30,19,"",1,0,0,65,1,0,0,7140,0,0,0,0,0
49,49339,2981,Promotions for Everyone,3,112,2095,49,0,24,271,14,0,0,0,0,0,0,0,0,0,0,0,10,1,27,24,{Kane Thompson},0,0,0,40,2,0,0,1685,0,0,0,14,0
50,49342,1311,Promotions for Everyone,17,56,3060,7,0,3,2270,14,0,0,0,0,0,0,0,0,0,707,3,20,6,80,41,{May Svitovich},0,0,0,173,121,0,0,2400,0,0,0,0,0
51,49343,-3008,You're All Fired,0,0,364,7,0,105,207,0,0,0,0,0,0,0,0,0,0,0,0,1,1,7,2,"",0,0,0,2,0,0,0,160,0,0,0,0,0
52,49344,-214,Outclassed by Lab Monkeys,1,2,720,44,0,16,1121,9,0,0,0,0,0,0,0,0,0,0,0,29,6,67,43,"",0,0,0,51,6,0,0,2495,0,0,0,0,0
53,49345,-13782,Singularity Fodder,28,940,938,61,0,26,3250,38,0,0,0,0,2,0,0,0,0,0,0,0,61,77,35,{Kevin Stinger},0,0,0,52,39,0,0,0,0,0,0,0,0
54,49346,3519,Promotions for Everyone,3,0,0,37,0,0,66,0,0,0,0,0,0,0,0,0,0,0,0,0,1,4,0,"",1,0,0,4,6,0,0,0,0,0,0,0,0
55,49347,2096,Promotions for Everyone,0,12,462,7,0,0,243,1,0,0,0,0,0,0,0,0,0,0,0,6,4,17,10,"",1,0,0,20,0,0,0,1120,0,0,0,0,0
56,49348,4211,Promotions for Everyone,41,46,3921,53,0,0,1981,12,0,0,0,0,0,0,0,0,0,0,0,10,21,80,30,"{Theodore Glasgow,Derek Wilkerson}",1,0,0,148,29,0,0,1330,0,0,0,0,0
57,49349,4136,Promotions for Everyone,0,250,22,46,0,0,486,49,0,0,0,0,0,0,0,0,0,0,0,9,0,24,17,"",1,0,0,53,7,0,0,51320,0,0,0,0,0
58,49351,-561,A Waste of Perfectly Good Oxygen,0,0,0,18,0,27,41,0,0,0,0,0,0,0,0,0,0,0,0,0,1,6,0,{Johnathan Reid},0,0,0,0,0,0,0,0,0,0,0,0,0
59,49353,2466,Promotions for Everyone,7,73,971,53,0,8,593,8,0,0,0,0,1,0,0,0,0,0,0,24,1,68,48,{Russell Hall},0,0,0,180,0,0,0,855,0,0,0,23,0
60,49354,986,Lean Mean Machine Thirteen,0,0,657,47,0,6,201,0,0,0,0,0,0,0,0,0,0,0,0,2,3,15,2,{Keegan Hunt},0,0,0,50,0,0,0,2960,0,0,0,0,0
61,49355,7417,Ambassadors of Discovery,18,115,1012,60,0,0,395,62,0,0,0,0,0,0,0,0,0,0,1,29,0,52,35,{Oleg Osetrov},1,0,0,126,24,0,0,10620,0,0,0,113,0
62,49356,215,Skillful Servants of Science,0,0,746,63,0,42,941,6,0,0,0,0,0,0,0,0,0,0,0,0,1,14,18,"",0,0,0,26,0,0,0,0,0,0,0,0,0
63,49357,4176,Promotions for Everyone,0,0,563,40,0,0,182,4,0,0,0,0,0,0,0,0,0,0,0,3,0,14,4,"",1,0,0,16,0,0,0,11625,0,0,0,0,0
64,49358,2926,Promotions for Everyone,0,0,250,7,0,0,109,10,0,0,0,0,0,0,0,0,0,0,0,1,0,7,1,"",1,0,0,66,0,0,0,3252,0,0,0,0,0
65,49360,6302,Ambassadors of Discovery,1,28,1904,54,0,0,145,9,0,0,0,0,0,0,0,0,0,0,0,11,0,16,17,{Dorothy Woodward},1,0,0,33,0,0,0,1627,0,0,0,21,0
66,49361,2603,Promotions for Everyone,1,6,131,7,0,0,69,0,0,0,0,0,0,0,0,0,0,0,0,0,1,3,0,"",1,0,0,6,0,0,0,0,0,0,0,0,0
67,49362,5934,Ambassadors of Discovery,9,0,1161,58,0,0,142,0,0,0,0,0,0,0,0,0,0,0,0,0,0,23,28,"",1,0,0,18,0,0,0,0,0,0,0,0,0
68,49363,992,Lean Mean Machine Thirteen,1,0,0,38,0,7,38,0,0,0,0,0,0,0,0,0,0,0,0,1,0,4,1,{Xander Morris},0,0,0,5,0,0,0,80,0,0,0,0,0
69,49364,8677,Ambassadors of Discovery,11,922,2501,76,0,0,381,36,0,0,0,0,0,0,0,0,0,278,1,24,3,40,32,"",1,0,0,206,0,0,0,1591,0,0,0,0,0
70,49365,4706,Promotions for Everyone,4,113,135,82,0,0,417,8,0,0,0,0,0,0,0,0,0,0,0,13,3,50,37,{Kane Thompson},1,0,0,125,32,0,0,5995,0,0,0,4,0
71,49366,-2092,You're All Fired,0,0,640,7,0,87,107,0,0,0,0,0,0,0,0,0,0,0,0,1,1,5,3,"",0,0,0,1,0,0,0,260,0,0,0,0,0
72,49368,3572,Promotions for Everyone,12,823,2537,53,0,8,628,58,0,0,0,0,0,0,0,0,0,309,0,22,9,66,42,{Nathaniel Braun},0,0,0,180,17,0,0,8965,0,0,0,0,0
73,49369,3261,Promotions for Everyone,0,16,360,7,0,0,50,15,0,0,0,0,0,0,0,0,0,0,0,6,0,11,7,"",1,0,0,33,39,0,0,1240,0,0,0,0,0
74,49370,2813,Promotions for Everyone,0,593,0,7,0,0,120,26,0,0,0,0,0,0,0,0,0,0,0,0,2,8,1,{Makskim Shomski},1,0,0,27,0,0,0,3357,0,0,0,0,0
75,49371,2267,Promotions for Everyone,12,41,2723,44,0,122,1157,35,0,0,0,0,0,0,5,0,0,0,0,37,1,59,51,"",0,0,0,127,17,0,0,970,0,0,0,28,0
76,49372,2666,Promotions for Everyone,0,27,809,7,0,0,575,29,0,0,0,0,0,0,0,0,0,0,0,12,2,24,16,"",1,0,1,117,0,0,0,1260,0,0,0,0,0
77,49373,-2671,You're All Fired,1,54,1028,11,0,132,498,25,0,0,0,0,0,0,0,0,0,0,0,27,2,53,49,"",0,0,0,40,40,0,0,500,0,0,0,21,0
78,49374,7366,Ambassadors of Discovery,25,48,5430,63,0,12,867,35,0,0,0,0,0,0,0,0,0,0,0,27,6,85,46,{Louis Whiteman},0,0,0,200,0,0,0,4840,0,0,0,0,0
79,49375,5478,Ambassadors of Discovery,11,95,324,54,0,0,421,57,0,0,0,0,0,0,0,0,0,0,0,10,0,34,19,"",1,0,0,63,43,0,0,1250,0,0,0,1,0
80,49378,7075,Ambassadors of Discovery,3,45,2694,82,0,0,729,36,0,0,0,0,0,0,0,0,0,0,0,18,3,50,30,"{Kevin Stinger,Dorothy Woodward}",1,0,0,144,23,0,0,1500,0,0,0,0,0
81,49379,-212,Outclassed by Lab Monkeys,0,0,323,7,0,5,230,2,0,0,0,0,0,0,0,0,0,0,0,5,2,24,9,"",0,0,0,57,0,0,0,935,0,0,0,0,0
82,49380,3988,Promotions for Everyone,1,13,1486,7,0,0,121,0,0,0,0,0,0,0,0,0,0,0,0,3,1,4,3,"",1,0,0,27,0,0,0,3180,0,0,0,0,0
83,49381,3485,Promotions for Everyone,0,0,850,7,0,0,200,0,0,0,0,0,0,0,0,0,0,0,0,5,0,12,7,"",1,0,0,17,0,0,0,1400,0,0,0,0,0
84,49383,6380,Ambassadors of Discovery,0,3,1871,61,0,0,204,1,0,0,0,0,0,0,0,0,0,0,0,15,0,22,18,{Georg Selinof},1,0,0,50,14,0,0,2445,0,0,0,1,0
85,49384,2519,Promotions for Everyone,0,1,101,7,0,0,78,7,0,0,0,0,0,0,0,0,0,0,0,0,1,3,0,"",1,0,0,4,0,0,0,0,0,0,0,0,0
86,49385,5813,Ambassadors of Discovery,5,0,2863,86,0,4,310,5,0,0,0,0,0,0,0,0,0,0,0,16,0,39,31,"",0,0,0,165,17,0,0,7900,0,0,0,0,0
87,49386,-2217,You're All Fired,4,0,1284,59,0,0,596,55,0,0,0,0,0,0,0,0,0,0,0,0,31,46,11,"",1,0,0,70,18,0,0,0,0,0,0,0,0
88,49387,744,Lean Mean Machine Thirteen,0,488,0,7,0,3,74,32,0,0,0,0,0,0,0,0,0,0,0,2,0,6,3,"",0,0,0,11,0,0,0,965,0,0,0,0,0
89,49388,1322,Promotions for Everyone,1,76,809,13,0,11,258,22,0,0,0,0,0,0,0,0,0,0,0,28,1,39,36,{Lim Tresspadas},0,0,0,55,20,0,0,1020,0,0,0,14,0
90,49389,-1445,You're All Fired,0,0,1196,7,0,97,116,0,0,0,0,0,0,0,0,0,0,0,0,7,0,16,11,"",0,0,0,11,3,0,0,750,0,0,0,0,0
91,49390,-4369,You're All Fired,31,0,893,51,0,0,1367,0,0,0,0,0,1,0,0,0,0,0,0,0,40,54,24,{Kane Thompson},1,0,0,21,8,0,0,0,0,0,0,0,0
92,49392,1837,Promotions for Everyone,1,2,2862,82,0,117,867,58,0,0,0,0,0,0,0,0,0,0,0,31,1,72,51,{Alfred Roberts},0,0,0,124,14,0,0,1220,0,0,0,51,0
93,49393,-7288,Singularity Fodder,11,189,2658,46,0,0,3735,29,0,0,0,0,2,0,0,0,1,0,0,0,43,75,0,"",1,0,0,83,58,0,0,0,0,0,0,0,0
94,49394,3444,Promotions for Everyone,1,102,814,7,0,0,287,41,0,0,0,0,0,0,0,0,0,0,0,13,2,44,27,"",1,0,0,83,60,0,0,980,0,0,0,58,0
95,49395,877,Lean Mean Machine Thirteen,24,279,1607,44,0,6,1849,45,0,0,0,0,1,0,2,0,0,0,0,17,12,69,27,{Russell Feufer},0,0,0,190,5,0,0,8890,0,0,0,0,0
96,49397,3980,Promotions for Everyone,0,157,2253,46,0,2,350,55,0,0,0,0,0,0,0,0,0,0,0,13,0,47,26,{Gennady Whiteman},0,0,0,132,117,0,0,2120,0,0,0,22,0
97,49398,2117,Promotions for Everyone,1,0,2354,12,0,8,197,3,0,0,0,0,1,0,0,0,0,0,0,20,2,49,35,{Russell Feufer},0,0,0,27,5,0,0,865,0,0,0,32,0
98,49399,158,Skillful Servants of Science,0,0,242,7,0,1,99,2,0,0,0,0,0,0,0,0,0,0,0,3,1,14,10,"",0,0,0,30,18,0,0,834,0,0,0,0,0
99,49400,8689,Ambassadors of Discovery,2,258,5201,64,0,0,890,35,0,0,0,0,1,0,0,0,0,0,1,15,3,52,24,"",1,0,0,143,53,0,0,22250,0,0,0,27,0
100,49402,6529,Ambassadors of Discovery,1,91,2561,47,0,0,318,2,0,0,0,0,0,0,0,0,0,0,0,8,0,20,12,"",1,0,0,89,0,0,0,3540,0,0,0,1,0
101,49404,-331,A Wretched Heap of Scum and Incompetence,0,0,199,16,0,22,210,7,0,0,0,0,0,0,0,0,0,0,0,3,1,14,4,"",0,0,0,33,0,0,0,780,0,0,0,0,0
102,49405,5937,Ambassadors of Discovery,0,2,1319,65,0,0,164,1,0,0,0,0,0,0,0,0,0,0,0,13,0,22,18,"",1,0,0,18,0,0,0,1410,0,0,0,1,0
103,49406,8570,Ambassadors of Discovery,8,0,3714,59,0,0,404,8,0,0,0,0,0,0,0,0,0,0,0,14,0,33,23,{Dorothy Woodward},1,0,0,69,1,0,0,1620,0,0,0,0,0
104,49407,1144,Promotions for Everyone,1,0,0,58,0,14,251,0,0,0,0,0,0,0,0,0,0,0,0,0,0,28,37,"",0,0,0,5,4,0,0,0,0,0,0,0,0
105,49408,-263,A Wretched Heap of Scum and Incompetence,5,151,464,74,0,4,1763,62,0,0,0,0,1,0,0,0,0,0,0,4,7,52,16,"",0,0,0,92,17,0,0,1650,0,0,0,0,0
106,49410,2173,Promotions for Everyone,0,12,0,7,0,0,119,4,0,0,0,0,0,0,0,0,0,0,0,2,2,8,2,{Samuel Alliman},1,0,0,13,0,0,0,80,0,0,0,0,0
107,49411,3104,Promotions for Everyone,0,0,456,7,0,0,62,0,0,0,0,0,0,0,0,0,0,0,0,0,0,12,6,{Otto Schulz},1,0,0,7,0,0,0,0,0,0,0,0,0
108,49412,2284,Promotions for Everyone,11,75,147,87,0,1,843,15,0,1,0,0,0,0,1,0,0,0,1,27,5,55,39,{Troy Orgail},0,0,0,160,49,0,0,3730,0,0,0,0,0
109,49413,3350,Promotions for Everyone,9,146,411,54,0,1,302,16,0,0,0,0,1,0,0,0,0,0,0,40,0,74,53,{Troy Orgail},0,0,0,121,18,0,0,8950,0,0,0,0,0
110,49415,-644,A Waste of Perfectly Good Oxygen,0,1,915,7,0,65,75,21,0,0,0,0,0,0,0,0,0,0,0,6,0,11,6,"",0,0,0,12,0,0,0,550,0,0,0,41,0
111,49416,-10188,Singularity Fodder,13,238,1445,62,0,6,1891,123,0,0,0,0,1,0,0,0,0,0,0,0,52,75,5,{Gabriel Anderson},0,0,0,177,0,0,0,0,0,0,0,0,0
112,49417,3288,Promotions for Everyone,5,0,0,7,0,0,127,1,0,0,0,0,0,0,0,0,0,0,0,13,0,17,16,"",1,0,0,47,0,0,0,1445,0,0,0,5,0
113,49418,-2239,You're All Fired,7,45,908,54,0,23,2387,23,0,0,0,0,0,0,0,0,0,0,0,15,11,66,32,{Georg Selinof},0,0,0,27,5,0,0,1020,0,0,0,0,0
114,49419,2505,Promotions for Everyone,0,12,0,7,0,0,217,0,0,0,0,0,0,0,0,0,0,0,0,0,0,12,3,"",1,0,0,15,0,0,0,0,0,0,0,0,0
115,49420,-14458,Singularity Fodder,2,0,675,57,0,0,1263,4,0,0,0,0,1,0,5,0,1,0,0,0,36,62,1,{Georg Selinof},1,0,1,31,10,0,0,0,0,0,0,0,0
116,49421,-534,A Waste of Perfectly Good Oxygen,18,37,2594,41,0,123,1925,34,0,0,0,0,0,0,0,0,0,0,0,18,3,56,22,{Georg Selinof},0,0,0,133,0,0,0,6800,0,0,0,0,0
117,49424,4920,Promotions for Everyone,16,3,5897,59,0,5,1935,2,0,0,0,0,1,0,0,0,0,237,0,5,7,33,13,"",0,0,0,58,0,0,0,1085,0,0,0,0,0
118,49426,3828,Promotions for Everyone,2,0,512,48,0,0,349,0,0,0,0,0,0,0,0,0,0,0,0,3,2,15,5,"",1,0,0,12,0,0,0,1560,0,0,0,0,0
119,49427,2667,Promotions for Everyone,0,0,0,7,0,0,73,1,0,0,0,0,0,0,0,0,0,0,0,1,0,6,2,{Myron Demetrios},1,0,0,12,0,0,0,900,0,0,0,6,0
120,49428,1004,Promotions for Everyone,0,5,25,34,0,2,221,27,0,0,0,0,0,0,0,0,0,0,0,4,0,7,6,"",0,0,0,12,0,0,0,1120,0,0,0,57,0
121,49429,3147,Promotions for Everyone,4,0,85,7,0,0,258,2,0,0,0,0,0,0,0,0,0,0,0,12,0,20,17,"",1,0,0,46,31,0,0,1335,0,0,0,0,0
122,49430,4454,Promotions for Everyone,0,2,938,17,0,0,176,26,0,0,0,0,0,0,0,0,0,0,0,22,0,36,29,"",1,0,0,85,9,0,0,11180,0,0,0,1,0
123,49431,-3879,You're All Fired,2,4,446,55,0,12,4279,32,0,0,0,0,0,0,0,0,0,618,1,4,7,60,36,"",0,0,0,111,0,0,0,1080,0,0,0,20,0
124,49433,-830,A Waste of Perfectly Good Oxygen,0,23,0,7,0,34,43,0,0,0,0,0,0,0,0,0,0,0,0,0,0,4,0,"",0,0,0,0,0,0,0,0,0,0,0,0,0
125,49434,-2041,You're All Fired,11,32,1205,7,0,13,1453,6,0,0,0,0,1,0,0,0,0,0,0,0,9,61,35,"",0,0,0,17,15,0,0,0,0,0,0,0,0
126,49435,5624,Ambassadors of Discovery,0,0,2793,20,0,0,169,0,0,0,0,0,0,0,0,0,0,0,0,16,2,20,17,{Josef Titanin},1,0,0,33,5,0,0,4156,0,0,0,0,0
127,49436,4443,Promotions for Everyone,24,21,1650,37,0,2,1633,31,0,0,0,0,0,0,7,0,0,0,0,26,4,62,47,"",0,0,0,72,0,0,0,3770,0,0,0,0,0
128,49437,4698,Promotions for Everyone,11,392,1199,59,0,3,493,74,0,0,0,0,0,0,1,0,0,0,2,29,2,71,42,{Heydrich Vibbler},0,0,0,215,18,0,0,1032,0,0,0,0,0
129,49438,4029,Promotions for Everyone,1,280,720,7,0,0,266,37,0,0,0,0,0,0,0,0,0,0,0,13,0,36,27,"",1,0,0,75,28,0,0,8760,0,0,0,0,0
130,49439,-6556,Singularity Fodder,4,74,1052,44,0,28,1502,8,0,0,0,0,1,0,0,0,0,0,0,0,27,51,15,"",0,0,0,18,1,0,0,0,0,0,0,0,0
131,49440,1067,Promotions for Everyone,0,0,1591,7,0,3,394,0,0,0,0,0,1,0,0,0,0,0,0,0,0,21,24,{Solveig Potter},0,0,0,27,30,0,0,0,0,0,0,0,0
132,49441,5982,Ambassadors of Discovery,7,133,5421,71,0,13,957,69,0,0,0,0,0,0,0,0,0,0,0,31,8,76,42,{Arleen Morris},0,0,0,212,8,0,0,2885,0,0,0,0,0
133,49442,3547,Promotions for Everyone,0,28,811,10,0,0,337,34,0,0,0,0,0,0,0,0,0,0,0,13,1,38,24,{Solveig Potter},1,0,0,108,0,0,0,65320,0,0,0,0,0
134,49443,6211,Ambassadors of Discovery,0,21,4284,43,0,0,1069,32,0,0,0,0,0,0,0,0,0,0,0,31,7,79,47,{Arleen Morris},1,0,0,215,0,0,0,4935,0,0,0,137,0
135,49444,1251,Promotions for Everyone,0,41,1799,7,0,6,424,1,0,0,0,0,0,0,0,0,0,0,0,12,2,32,20,"",0,0,0,116,50,0,0,1250,0,0,0,0,0
136,49445,-1901,You're All Fired,5,6,2522,57,0,0,4174,17,0,0,0,0,0,0,0,0,0,0,0,3,20,55,10,{Oleg Osetrov},1,0,0,163,88,0,0,1271,0,0,0,0,0
137,49446,4059,Promotions for Everyone,1,24,518,45,0,0,383,15,0,0,0,0,0,0,0,0,0,0,0,6,1,20,10,"",1,0,0,48,0,0,0,1750,0,0,0,0,0
138,49447,1323,Promotions for Everyone,0,0,180,47,0,6,127,3,0,0,0,0,0,0,0,0,0,0,0,1,0,12,2,"",0,0,0,16,1,0,0,60,0,0,0,0,0
139,49448,6468,Ambassadors of Discovery,5,0,4914,62,0,1,251,0,0,0,0,0,0,0,0,0,0,0,0,4,2,19,6,"",0,0,0,142,0,0,0,8640,0,0,0,0,0
140,49450,287,Best of a Good Bunch,1,0,25,7,0,3,58,0,0,0,0,0,0,0,0,0,0,0,0,5,0,11,5,{Curly Mens},0,0,0,14,0,0,0,1080,0,0,0,0,0
141,49451,1912,Promotions for Everyone,2,0,248,44,0,2,151,1,0,0,0,0,0,0,0,0,0,0,0,16,0,20,23,{Curly Mens},0,0,0,46,50,0,0,1800,0,0,0,0,0
142,49452,1426,Promotions for Everyone,0,0,0,55,0,1,199,1,0,0,0,0,0,0,0,0,0,0,0,0,0,5,0,"",0,0,0,23,41,0,0,0,0,0,0,0,0
143,49453,4439,Promotions for Everyone,0,0,1766,7,0,0,142,6,0,0,0,0,0,0,0,0,0,0,0,13,1,29,27,"",1,0,0,24,6,0,0,3220,0,0,0,1,0
144,49454,7718,Ambassadors of Discovery,13,27,1807,58,0,0,376,29,0,0,0,0,0,0,0,0,0,55,0,36,0,57,46,{Solveig Potter},1,0,0,169,102,0,0,1894,0,0,0,28,0
145,49455,5289,Ambassadors of Discovery,2,77,1770,69,0,0,243,8,0,0,0,0,0,0,0,0,0,0,0,7,5,28,14,{Katyusha Morozova},1,0,0,76,25,0,0,2277,0,0,0,0,0
146,49456,-715,A Waste of Perfectly Good Oxygen,5,0,1610,8,0,1,2045,2,0,0,0,0,1,0,0,0,0,0,0,15,4,53,25,"",0,0,0,22,73,0,0,5400,0,0,0,69,0
147,49458,555,Lean Mean Machine Thirteen,8,72,1749,53,0,127,391,29,0,0,0,0,0,0,0,0,0,0,0,34,1,66,42,"",0,0,0,154,46,0,0,1275,0,0,0,18,0
148,49459,190,Skillful Servants of Science,1,302,0,7,0,15,102,31,0,0,0,0,0,0,0,0,0,0,0,0,0,7,0,{Marcus Olphert},0,0,0,13,0,0,0,0,0,0,0,0,0
149,49460,-18347,Singularity Fodder,3,10,0,7,0,2,1062,16,0,0,0,0,0,0,7,0,1,0,0,0,37,45,0,"",0,0,1,29,11,0,0,0,0,0,0,0,0
150,49461,8620,Ambassadors of Discovery,0,1,4560,46,0,0,296,35,0,0,0,0,0,0,0,0,0,0,0,22,1,42,29,{Lando Stephenson},1,0,0,96,11,0,0,1005,0,0,0,22,0
151,49462,19910,The Pride of Science Itself,5,226,17712,61,0,2,813,58,0,0,0,0,0,0,0,0,0,0,0,24,1,67,37,{Solveig Potter},0,0,0,178,49,0,0,2059,0,0,0,0,0
152,49463,3953,Promotions for Everyone,10,1,1914,54,0,3,277,12,0,0,0,0,0,0,0,0,0,0,0,19,1,46,30,{Colten Weisgarber},0,0,1,87,46,0,0,4300,0,0,0,21,0
153,49464,1943,Promotions for Everyone,13,198,1159,46,0,10,779,12,0,0,0,0,1,0,0,0,0,0,0,0,2,44,39,{Sebastian Pivovarov},0,0,0,7,1,0,0,0,0,0,0,0,0
154,49465,6653,Ambassadors of Discovery,2,299,1631,61,0,0,312,41,0,0,0,0,0,0,0,0,0,0,0,34,2,68,46,{Sebastian Pivovarov},1,0,0,113,58,0,0,1750,0,0,0,56,0
155,49466,6693,Ambassadors of Discovery,1,191,4557,75,0,1,700,20,0,0,0,0,0,0,0,0,0,0,0,20,1,53,33,{Gennady Whiteman},0,0,0,134,130,0,0,2070,0,0,0,6,0
156,49468,3096,Promotions for Everyone,8,33,2626,75,0,19,1003,22,0,0,0,0,0,0,4,0,0,0,0,2,8,62,26,"",0,0,0,192,0,0,0,800,0,0,0,17,0
157,49469,1394,Promotions for Everyone,5,30,1021,7,0,1,492,1,0,0,0,0,0,0,0,0,0,0,0,21,1,46,27,{Gennady Whiteman},0,0,0,136,19,0,0,1630,0,0,0,0,0
158,49470,2617,Promotions for Everyone,0,0,0,7,0,0,93,0,0,0,0,0,0,0,0,0,0,0,0,0,0,2,0,"",1,0,0,0,0,0,0,0,0,0,0,0,0
159,49471,2927,Promotions for Everyone,13,99,2708,72,0,1,1040,41,0,0,0,0,0,0,0,0,0,0,0,4,9,67,22,{Michael Prescott},0,0,0,120,20,0,0,1465,0,0,0,0,0
160,49472,2573,Promotions for Everyone,0,0,260,23,0,0,452,0,0,0,0,0,0,0,0,0,0,0,0,3,2,30,6,"",1,0,0,42,7,0,0,1050,0,0,0,0,0
161,49473,-732,A Waste of Perfectly Good Oxygen,19,1016,1608,82,0,1,2241,26,0,0,0,0,0,0,0,0,0,0,0,16,22,57,23,{Troy Orgail},0,0,0,206,10,0,0,2130,0,0,0,24,0
162,49474,2939,Promotions for Everyone,6,160,0,7,0,0,161,6,0,0,0,0,0,0,0,0,0,0,0,0,1,3,0,{Jimmi Homat},1,0,0,20,0,0,0,0,0,0,0,0,0
163,49475,2333,Promotions for Everyone,0,0,0,7,0,0,127,0,0,0,0,0,0,0,0,0,0,0,0,0,1,8,1,"",1,0,0,13,0,0,0,0,0,0,0,0,0
164,49476,5647,Ambassadors of Discovery,0,9,1478,69,0,0,160,0,0,0,0,0,0,0,0,0,0,0,0,10,2,33,18,"",1,0,0,84,0,0,0,1647,0,0,0,13,0
165,49478,-1523,You're All Fired,0,0,10,7,0,54,198,0,0,0,0,0,0,0,0,0,0,0,0,3,0,8,6,"",0,0,0,14,0,0,0,1140,0,0,0,0,0
166,49479,2867,Promotions for Everyone,0,0,180,7,0,0,143,4,0,0,0,0,0,0,0,0,0,0,0,4,0,5,5,{Griffin Judge},1,0,0,18,18,0,0,7300,0,0,0,0,0
167,49480,6316,Ambassadors of Discovery,6,34,1700,48,0,0,153,15,0,0,0,0,0,0,0,0,0,0,0,11,0,16,15,{Dorothy Woodward},1,0,0,66,18,0,0,1475,0,0,0,0,0
168,49482,2857,Promotions for Everyone,0,33,797,58,0,3,148,0,0,0,0,0,0,0,0,0,0,0,0,21,0,37,30,{Bryan Riker},0,0,0,116,0,0,0,1760,0,0,0,2,0
169,49483,5299,Ambassadors of Discovery,0,0,1842,51,0,0,173,0,0,0,0,0,0,0,0,0,0,0,0,4,2,11,7,"",1,0,0,7,80,0,0,4580,0,0,0,6,0
170,49484,3781,Promotions for Everyone,14,163,3178,82,0,3,1190,2,0,2,0,0,1,0,0,0,0,0,0,18,4,62,30,{Natalia Koneva},0,0,0,151,59,0,0,4260,0,0,0,0,0
171,49485,4277,Promotions for Everyone,1,0,361,44,0,0,104,0,0,0,0,0,0,0,0,0,0,0,0,5,0,20,17,{Xander Morris},1,0,0,15,0,0,0,940,0,0,0,0,0
172,49486,2529,Promotions for Everyone,3,98,2527,40,0,8,1066,42,0,0,0,0,0,0,0,0,0,0,0,23,4,77,49,{Troy Orgail},0,0,0,170,3,0,0,1495,0,0,0,6,0
173,49503,4652,Promotions for Everyone,4,226,1812,54,0,0,1051,14,0,0,0,0,0,0,0,0,0,0,0,7,4,24,16,{Evgeniy Barabulka},1,0,0,130,63,0,0,30060,0,0,0,20,0
174,49505,2940,Promotions for Everyone,0,0,203,7,0,0,73,0,0,0,0,0,0,0,0,0,0,0,0,4,0,11,5,{Gennady Whiteman},1,0,0,5,0,0,0,11663,0,0,0,0,0
175,49506,3459,Promotions for Everyone,0,0,0,49,0,0,136,0,0,0,0,0,0,0,0,0,0,0,0,5,2,10,8,"",1,0,0,52,31,0,0,900,0,0,0,0,0
176,49507,1972,Promotions for Everyone,4,0,1370,26,0,13,113,0,0,0,0,0,0,0,0,0,0,0,0,1,0,6,4,"",0,0,0,33,4,0,0,100,0,0,0,0,0
177,49509,5929,Ambassadors of Discovery,3,0,1622,60,0,0,133,3,0,0,0,0,0,0,0,0,0,0,0,16,2,24,18,"",1,0,0,67,32,0,0,1440,0,0,0,0,0
178,49510,602,Lean Mean Machine Thirteen,0,0,0,21,0,1,48,0,0,0,0,0,0,0,0,0,0,0,0,2,0,3,3,"",0,0,0,7,0,0,0,2560,0,0,0,0,0
179,49511,2298,Promotions for Everyone,0,127,481,81,0,8,790,48,0,0,0,0,0,0,0,0,0,0,0,22,2,40,32,"",0,0,0,90,11,0,0,1670,0,0,0,22,0
180,49512,-2018,You're All Fired,2,18,1780,23,0,10,1106,0,0,0,0,0,1,0,0,0,0,0,0,0,12,51,36,"",0,0,0,8,1,0,0,0,0,0,0,0,0
181,49513,7811,Ambassadors of Discovery,0,65,4748,23,0,0,262,4,0,0,0,0,0,0,0,0,0,0,0,12,1,27,20,"",1,0,0,73,4,0,0,2250,0,0,0,0,0
182,49514,11332,The Pride of Science Itself,42,109,2725,71,0,0,242,42,0,0,0,0,0,0,0,0,0,0,0,30,0,75,51,"",1,0,0,247,39,0,0,1450,0,0,0,21,0
183,49515,4214,Promotions for Everyone,0,46,1949,65,0,1,376,45,0,0,0,0,0,0,0,0,0,0,0,18,0,33,25,{Xander Morris},0,0,0,92,0,0,0,1945,0,0,0,0,0
184,49516,-4668,You're All Fired,0,37,1575,48,0,19,950,0,0,0,0,0,0,0,3,0,0,0,0,2,28,49,21,{Russell Lauffer},0,0,0,26,49,0,0,60,0,0,0,42,0
185,49518,5540,Ambassadors of Discovery,7,141,3260,76,0,0,1261,44,0,0,0,0,0,0,0,0,0,0,0,25,11,82,46,{Titana Katon},1,0,0,201,23,0,0,4010,0,0,0,8,0
186,49519,5262,Ambassadors of Discovery,0,24,1748,27,0,0,365,54,0,0,0,0,0,0,0,0,0,0,0,11,0,41,26,{Keegan Hunt},1,0,0,114,15,0,0,1200,0,0,0,14,0
187,49520,2547,Promotions for Everyone,33,41,1529,0,0,17,1168,16,0,0,0,0,0,0,0,0,0,0,0,34,3,61,47,{Kevin Stinger},0,0,0,28,2,0,0,600,0,0,0,0,0
188,49523,-2275,You're All Fired,0,106,682,7,0,48,608,0,0,0,0,0,0,0,0,0,0,0,0,21,7,35,25,"",0,0,0,94,16,0,0,1000,0,0,0,0,0
189,49524,3050,Promotions for Everyone,6,100,1595,55,0,14,1215,23,0,0,0,0,0,0,5,0,0,0,0,31,5,64,42,{Troy Orgail},0,0,0,76,42,0,0,740,0,0,0,24,0
190,49525,5983,Ambassadors of Discovery,1,81,2192,68,0,0,645,53,0,0,0,0,0,0,0,0,0,0,0,19,4,75,37,"",1,0,0,170,54,0,0,1680,0,0,0,0,0
191,49526,3044,Promotions for Everyone,0,62,1208,21,0,0,1461,56,0,0,0,0,0,0,0,0,0,0,0,13,2,42,23,{Keegan Hunt},1,0,0,84,0,0,0,12460,0,0,0,0,0
192,49527,-1445,You're All Fired,0,353,0,8,0,1,73,8,0,0,0,0,0,0,0,0,0,0,0,1,8,6,1,{Grace Jackson},0,0,0,18,0,0,0,1041,0,0,0,0,0
193,49528,2000,Promotions for Everyone,0,32,2111,43,0,15,1163,16,0,0,0,0,0,0,0,0,0,0,0,24,2,72,42,"",0,0,0,100,27,0,0,1455,0,0,0,0,0
194,49529,2759,Promotions for Everyone,0,1,116,7,0,0,138,14,0,0,0,0,0,0,0,0,0,0,0,0,0,24,19,"",1,0,0,51,0,0,0,0,0,0,0,0,0
195,49530,671,Lean Mean Machine Thirteen,19,9,1087,56,0,3,1815,45,0,0,0,0,0,0,0,0,0,0,0,6,8,58,16,"",0,0,0,107,12,0,0,965,0,0,0,4,0
196,49531,2650,Promotions for Everyone,0,86,138,7,0,0,249,8,0,0,0,0,0,0,0,0,0,0,0,7,1,22,11,{Gennady Whiteman},1,0,0,40,0,0,0,3040,0,0,0,0,0
197,49532,771,Lean Mean Machine Thirteen,0,0,293,57,0,4,562,0,0,0,0,0,0,0,0,0,0,0,0,8,3,20,13,"",0,0,0,30,0,0,0,1750,0,0,0,0,0
198,49533,-3893,You're All Fired,0,0,108,7,0,1,931,0,0,0,0,0,0,0,0,0,1,0,0,0,13,5,0,{Gennady Whiteman},0,0,0,13,0,0,0,0,0,0,0,0,0
199,49534,3154,Promotions for Everyone,0,0,47,25,0,0,168,0,0,0,0,0,0,0,0,0,0,0,0,1,0,13,1,{Archie Moore},1,0,0,7,0,0,0,700,0,0,0,0,0
200,49535,-2982,You're All Fired,0,0,45,7,0,107,52,0,0,0,0,0,0,0,0,0,0,0,0,1,0,7,1,{Gennady Whiteman},0,0,0,2,0,0,0,970,0,0,0,0,0
201,49536,-3881,You're All Fired,0,0,0,7,0,117,331,0,0,0,0,0,0,0,0,0,0,0,0,0,1,2,3,"",0,0,0,0,0,0,0,0,0,0,0,0,0
202,49537,2787,Promotions for Everyone,0,0,330,7,0,0,53,0,0,0,0,0,0,0,0,0,0,0,0,2,1,5,3,"",1,0,0,6,0,0,0,1186,0,0,0,0,0
203,49538,3987,Promotions for Everyone,2,3,45,46,0,0,381,8,0,0,0,0,0,0,0,0,0,0,0,10,0,15,16,"",1,0,0,35,0,0,0,1428,0,0,0,57,0
204,49539,7389,Ambassadors of Discovery,0,7,2383,81,0,0,331,45,0,0,0,0,0,0,0,0,0,0,0,17,1,39,24,"",1,0,0,59,27,0,0,1140,0,0,0,6,0
205,49541,334,Best of a Good Bunch,1,404,1323,57,0,5,1533,71,0,0,0,0,2,0,0,0,0,1346,0,16,7,41,22,"",0,0,0,68,29,0,0,2000,0,0,0,120,0
206,49542,2646,Promotions for Everyone,0,0,0,7,0,0,64,0,0,0,0,0,0,0,0,0,0,0,0,0,0,3,0,"",1,0,0,0,0,0,0,0,0,0,0,0,0
207,49545,3058,Promotions for Everyone,3,51,954,51,0,4,557,10,0,0,0,0,0,0,0,0,0,0,0,37,0,56,51,"",0,0,0,74,41,0,0,8410,0,0,0,18,0
208,49546,2553,Promotions for Everyone,0,0,232,7,0,0,164,0,0,0,0,0,1,0,0,0,0,0,0,1,0,8,3,"",1,0,0,14,17,0,0,236,0,0,0,0,0
209,49548,5750,Ambassadors of Discovery,2,264,1716,60,0,0,350,34,0,0,0,0,0,0,0,0,0,0,0,0,2,69,48,"",1,0,0,84,26,0,0,0,0,0,0,0,0
210,49549,-2108,You're All Fired,5,0,1201,7,0,11,684,24,0,0,0,0,1,0,0,0,0,0,0,0,11,48,31,"",0,0,0,10,1,0,0,0,0,0,0,0,0
211,49550,173,Skillful Servants of Science,0,112,0,7,0,1,124,1,0,0,0,0,0,0,0,0,0,0,0,10,1,18,10,"",0,0,0,84,8,0,0,4150,0,0,0,20,0
212,49551,-391,A Wretched Heap of Scum and Incompetence,9,21,2367,54,0,3,1714,46,0,0,0,0,0,0,0,0,0,0,0,10,15,80,27,{Kevin Stinger},0,0,0,260,0,0,0,6200,0,0,0,0,0
213,49552,5702,Ambassadors of Discovery,1,8,1496,50,0,0,202,0,0,0,0,0,0,0,0,0,0,0,0,13,0,22,17,{Gennady Whiteman},1,0,0,49,0,0,0,13725,0,0,0,10,0
214,49553,8086,Ambassadors of Discovery,1,231,3390,54,0,0,595,48,0,0,0,0,0,0,0,0,0,0,0,35,1,74,46,{Kevin Stinger},1,0,0,137,27,0,0,13030,0,0,0,40,0
215,49554,756,Lean Mean Machine Thirteen,3,0,460,7,0,1,259,0,0,0,0,0,0,0,0,0,0,0,0,6,0,18,10,{Gennady Whiteman},0,0,0,59,1,0,0,1020,0,0,0,81,0
216,49555,3781,Promotions for Everyone,2,1,958,7,0,0,123,17,0,0,0,0,0,0,0,0,0,0,0,0,0,38,38,{Kevin Stinger},1,0,0,1,10,0,0,0,0,0,0,0,0
217,49556,9414,Ambassadors of Discovery,35,605,5656,7,0,2,352,66,0,0,0,0,0,0,0,0,0,0,0,26,1,54,29,"",0,0,0,210,15,0,0,9600,0,0,0,0,0
218,49557,2647,Promotions for Everyone,1,12,35,10,0,0,205,26,0,0,0,0,0,0,0,0,0,0,0,2,1,10,2,{Gennady Whiteman},1,0,0,7,4,0,0,326,0,0,0,0,0
219,49558,2492,Promotions for Everyone,0,5,45,7,0,0,58,8,0,0,0,0,1,0,0,0,0,0,0,0,0,12,19,"",1,0,0,1,0,0,0,0,0,0,0,0,0
220,49559,2989,Promotions for Everyone,1,0,333,7,0,0,154,0,0,0,0,0,0,0,0,0,0,0,0,1,0,9,5,"",1,0,0,8,0,0,0,450,0,0,0,0,0
221,49560,1611,Promotions for Everyone,5,22,0,7,0,0,341,19,0,0,0,0,0,0,0,0,0,0,0,0,5,9,1,"",1,0,0,31,0,0,0,0,0,0,0,0,0
222,49561,4748,Promotions for Everyone,0,0,865,46,0,0,127,6,0,0,0,0,0,0,0,0,0,0,0,4,0,15,6,"",1,0,0,36,5,0,0,23440,0,0,0,0,0
223,49563,-890,A Waste of Perfectly Good Oxygen,0,1,2595,26,0,129,671,5,0,0,0,0,0,0,0,0,0,0,0,10,0,22,14,"",0,0,0,65,197,0,0,2040,0,0,0,0,0
224,49564,7478,Ambassadors of Discovery,0,394,2676,49,0,0,142,21,0,0,0,0,0,0,0,0,0,0,0,19,0,30,29,"",1,0,0,96,5,0,0,3990,0,0,0,51,0
225,49565,8266,Ambassadors of Discovery,18,64,2336,56,0,0,519,51,0,0,0,0,0,0,0,0,0,164,0,34,1,60,46,{Kane Thompson},1,0,0,145,0,0,0,1520,0,0,0,4,0
226,49566,-3595,You're All Fired,0,22,2143,58,0,123,845,7,0,0,0,0,1,0,0,0,0,0,0,0,11,56,18,"",0,0,0,39,4,0,0,0,0,0,0,0,0
227,49568,2746,Promotions for Everyone,0,0,886,7,0,0,125,0,0,0,0,0,0,0,0,0,0,0,0,1,3,10,6,"",1,0,0,8,0,0,0,11885,0,0,0,0,0
228,49569,-16219,Singularity Fodder,2,25,2140,7,0,1,1019,11,0,0,0,0,1,0,1,0,1,0,0,0,30,41,2,"",0,0,1,8,21,0,0,0,0,0,0,0,0
229,49570,4545,Promotions for Everyone,0,2,1616,16,0,0,203,1,0,0,0,0,0,0,0,0,0,0,0,6,0,12,10,"",1,0,0,10,0,0,0,1260,0,0,0,0,0
230,49571,534,Lean Mean Machine Thirteen,6,487,2557,45,0,1,2550,44,0,0,0,0,1,0,4,0,0,0,0,32,14,78,46,{Sebastian Pivovarov},0,0,0,270,83,0,0,17000,0,0,0,45,0
231,49572,1792,Promotions for Everyone,0,0,1497,19,0,1,345,0,0,0,0,0,0,0,0,0,0,0,0,4,0,11,6,"",0,0,0,4,0,0,0,875,0,0,0,0,0
232,49579,7513,Ambassadors of Discovery,3,21,3655,51,0,0,368,5,0,0,0,0,0,0,0,0,0,0,0,7,1,24,10,"",1,0,0,82,0,0,0,2705,0,0,0,0,0
233,49581,2708,Promotions for Everyone,0,0,0,7,0,0,52,0,0,0,0,0,0,0,0,0,0,0,0,2,0,4,2,"",1,0,0,0,0,0,0,1235,0,0,0,0,0
234,49582,2720,Promotions for Everyone,0,0,0,7,0,0,65,0,0,0,0,0,0,0,0,0,0,0,0,3,0,5,4,"",1,0,0,4,0,0,0,1255,0,0,0,0,0
235,49583,1202,Promotions for Everyone,0,0,35,44,0,4,183,0,0,0,0,0,0,0,0,0,0,0,0,6,0,14,9,"",0,0,0,12,0,0,0,1120,0,0,0,0,0
236,49584,256,Best of a Good Bunch,0,108,0,7,0,2,52,0,0,0,0,0,0,0,0,0,0,0,0,2,0,6,3,"",0,0,0,7,0,0,0,751,0,0,0,0,0
237,49585,4019,Promotions for Everyone,2,0,319,51,0,0,430,0,0,0,0,0,0,0,0,0,0,0,0,8,1,25,19,"",1,0,0,32,3,0,0,1845,0,0,0,0,0
238,49588,1159,Promotions for Everyone,3,114,4422,51,0,92,1112,3,0,0,0,0,1,0,0,0,0,0,2,19,6,58,28,{Adam Sommer},0,0,0,117,75,0,0,2780,0,0,0,0,0
239,49590,5120,Ambassadors of Discovery,0,8,337,70,0,0,80,6,0,0,0,0,0,0,0,0,0,0,0,9,0,14,14,{Fanzilia Clark},1,0,0,39,17,0,0,4131,0,0,0,0,0
240,49591,7368,Ambassadors of Discovery,4,19,2226,65,0,0,567,28,0,0,0,0,0,0,0,0,0,0,0,32,0,76,55,{Kevin Stinger},1,0,0,194,70,0,0,1725,0,0,0,21,0
241,49592,4,Ambivalently Average,1,1,0,7,0,1,62,2,0,0,0,0,0,0,0,0,0,0,0,2,1,5,3,"",0,0,0,3,0,0,0,160,0,0,0,10,0
242,49593,4564,Promotions for Everyone,0,2,406,74,0,0,174,2,0,0,0,0,0,0,0,0,0,0,0,14,3,25,18,{John Pavlov},1,0,0,14,1,0,0,2052,0,0,0,0,0
243,49594,6206,Ambassadors of Discovery,10,68,2400,42,0,0,727,61,0,0,0,0,0,0,0,0,0,0,0,36,5,74,43,{Sebastian Pivovarov},1,0,0,128,37,0,0,2800,0,0,0,0,0
244,49595,2134,Promotions for Everyone,0,0,0,7,0,0,101,0,0,0,0,0,0,0,0,0,0,0,0,1,2,4,2,{Trey Noton},1,0,0,0,0,0,0,900,0,0,0,0,0
245,49596,5802,Ambassadors of Discovery,0,231,1102,52,0,0,246,21,0,0,0,0,0,0,0,0,0,0,0,22,0,39,25,{Colten Weisgarber},1,0,0,76,33,0,0,7460,0,0,0,0,0
246,49597,5399,Ambassadors of Discovery,8,26,4759,26,0,7,786,56,0,0,0,0,2,0,0,0,0,0,0,38,2,68,53,{Rafael Sunders},0,0,0,179,23,0,0,5360,0,0,0,0,0
247,49598,5533,Ambassadors of Discovery,0,3,3360,7,0,0,465,0,0,0,0,0,0,0,0,0,0,0,0,7,1,26,11,"",1,0,0,34,0,0,0,2000,0,0,0,21,0
248,49599,7682,Ambassadors of Discovery,8,82,2260,73,0,0,655,81,0,0,0,0,0,0,0,0,0,0,0,22,1,57,32,"",1,0,0,216,0,0,0,8182,0,0,0,0,0
249,49600,2836,Promotions for Everyone,0,0,0,7,0,0,194,49,0,0,0,0,0,0,0,0,0,0,0,3,0,3,3,{Fyodor Yamkin},1,0,0,24,0,0,0,2938,0,0,0,0,0
250,49601,3251,Promotions for Everyone,0,10,512,7,0,0,146,13,0,0,0,0,0,0,0,0,0,0,0,4,0,15,5,"",1,0,0,18,0,0,0,480,0,0,0,0,0
251,49602,5453,Ambassadors of Discovery,2,62,1216,47,0,0,245,7,0,0,0,0,0,0,0,0,0,0,0,13,0,27,17,"",1,0,0,99,0,0,0,50078,0,0,0,7,0
252,49603,4808,Promotions for Everyone,0,0,2291,11,0,0,88,0,0,0,0,0,0,0,0,0,0,0,0,1,1,10,2,{Fanzilia Clark},1,0,0,11,0,0,0,445,0,0,0,0,0
253,49604,475,Best of a Good Bunch,0,0,298,7,0,1,78,0,0,0,0,0,0,0,0,0,0,0,0,3,0,7,7,{Fanzilia Clark},0,0,0,2,0,0,0,1760,0,0,0,0,0
254,49606,4669,Promotions for Everyone,0,431,231,51,0,0,233,7,0,0,0,0,0,0,0,0,0,0,0,7,0,20,12,{Fanzilia Clark},1,0,0,64,44,0,0,7780,0,0,0,21,0
255,49607,3526,Promotions for Everyone,0,18,1886,49,0,1,218,0,0,0,0,0,0,0,0,0,0,0,0,16,0,35,31,{Fanzilia Clark},0,0,0,35,71,0,0,2510,0,0,0,0,0
256,49608,4650,Promotions for Everyone,4,324,2632,72,0,15,956,58,0,0,0,0,0,0,1,0,0,0,4,34,4,62,46,{Fanzilia Clark},0,0,0,224,89,0,0,2000,0,0,0,0,0
257,49609,3740,Promotions for Everyone,2,0,821,7,0,0,66,0,0,0,0,0,0,0,0,0,0,0,0,5,0,11,6,"",1,0,0,13,0,0,0,1500,0,0,0,0,0
258,49610,3222,Promotions for Everyone,6,28,0,7,0,0,156,28,0,0,0,0,0,0,0,0,0,0,0,2,0,11,2,"",1,0,0,58,1,0,0,7029,0,0,0,0,0
259,49611,-20294,Singularity Fodder,1,49,1808,11,0,5,1746,18,0,0,0,0,2,0,6,0,1,0,0,0,46,54,0,{Fanzilia Clark},0,0,1,45,9,0,0,0,0,0,0,0,0
260,49612,4754,Promotions for Everyone,0,32,1593,16,0,0,121,4,0,0,0,0,0,0,0,0,0,0,0,10,0,21,14,"",1,0,0,53,19,0,0,50370,0,0,0,0,0
261,49613,10728,The Pride of Science Itself,6,88,5009,71,0,0,779,111,0,0,0,0,0,0,0,0,0,0,0,41,1,72,48,{Fanzilia Clark},1,0,0,285,1,0,0,16095,0,0,0,22,0
262,49614,8298,Ambassadors of Discovery,1,139,4353,55,0,0,689,24,0,0,0,0,0,0,0,0,0,0,0,16,1,34,20,"",1,0,0,87,5,0,0,5835,0,0,0,35,0
263,49615,3711,Promotions for Everyone,4,11,5914,57,0,6,1059,63,0,0,0,0,0,0,0,0,0,0,0,18,15,70,44,{Kevin Stinger},0,0,0,158,38,0,0,1380,0,0,0,0,0
264,49616,2940,Promotions for Everyone,1,56,94,21,0,0,520,11,0,0,0,0,0,0,0,0,0,0,0,12,1,33,20,"",1,0,0,73,4,0,0,10640,0,0,0,0,0
265,49617,5815,Ambassadors of Discovery,12,114,2039,82,0,0,798,30,0,0,0,0,0,0,0,0,0,0,0,18,8,82,37,{Rafael Sunders},1,0,0,112,133,0,0,1465,0,0,0,0,0
266,49618,3690,Promotions for Everyone,0,193,2281,54,0,3,194,16,0,0,0,0,0,0,0,0,0,0,0,12,2,29,21,{Ali Azar},0,0,0,86,9,0,0,1080,0,0,0,21,0
267,49620,-8115,Singularity Fodder,4,17,807,7,0,17,2769,66,0,0,0,0,1,0,0,0,0,0,0,0,25,65,20,{Kevin Stinger},0,0,0,31,75,0,0,0,0,0,0,0,0
268,49621,4355,Promotions for Everyone,0,3,399,59,0,0,582,3,0,0,0,0,0,0,0,0,0,0,0,20,1,34,21,{Gennady Whiteman},1,0,0,123,80,0,0,1935,0,0,0,35,0
269,49622,-2211,You're All Fired,13,1,2993,87,0,2,1770,28,0,0,0,0,0,0,0,0,0,0,0,6,29,69,31,{Kevin Stinger},0,0,0,113,0,0,0,1350,0,0,0,28,0
270,49625,5934,Ambassadors of Discovery,1,23,1021,69,0,0,215,2,0,0,0,0,0,0,0,0,0,0,0,18,0,29,21,{Fin MacDucke},1,0,0,101,0,Sergey Sverlov,Head of Personnel,1500,Sergey sverlo,Ivory Howard,Detective,31,IrvingMcAll
271,49626,-1013,You're All Fired,0,0,48,7,0,6,91,0,0,0,0,0,0,0,0,0,0,0,0,0,3,4,0,"",0,0,1,6,0,"","",0,"","","",0,""
272,49627,1568,Promotions for Everyone,0,0,371,53,0,0,193,10,0,0,0,0,0,0,0,0,1,0,0,0,11,17,1,{Ivory Howard},1,0,0,5,8,"","",0,"","","",0,""
273,49628,5272,Ambassadors of Discovery,2,0,761,58,0,0,224,4,0,0,0,0,0,0,0,0,0,0,0,13,0,22,16,{Fanzilia Clark},1,0,0,76,44,Irvine White,Station Engineer,1611,Doom_Drake,Brycen Willey,Warden,3,Garviuss
274,49629,688,Lean Mean Machine Thirteen,1,8,529,7,0,2,289,3,0,0,0,0,0,0,0,0,0,0,0,8,0,28,20,{Fanzilia Clark},0,0,0,30,6,Howl Of The Winds,Station Engineer,960,DivineName,"","",0,""
275,49630,3228,Promotions for Everyone,1,351,871,51,0,1,344,40,0,0,0,0,0,0,0,0,0,0,0,23,0,32,28,{Fanzilia Clark},0,0,0,146,9,Oleg Nevazhno,Test Subject,7897,Deprxo,Oleg Nevazhno,Test Subject,0,Deprxo
276,49631,2083,Promotions for Everyone,11,4,1489,10,0,2,325,5,0,0,0,0,0,0,0,0,0,0,0,23,3,54,36,{Fanzilia Clark},0,0,0,98,24,Tamsin Winton,Security Officer,2320,Shahmatist,Waver Purplehead,Internal Affairs Agent,8,KandJX
277,49632,-9707,Singularity Fodder,1,49,120,19,0,7,441,26,0,0,0,0,1,0,0,0,0,0,0,0,39,66,18,{Fanzilia Clark},0,0,0,32,8,"","",0,"","","",0,""
278,49633,466,Best of a Good Bunch,0,0,244,7,0,3,123,0,0,0,0,0,0,0,0,0,0,0,0,9,0,26,16,"",0,0,0,20,32,Otto Schulz,Head of Personnel,1500,Hans32,Loreto Bunten,Mime,22,TheOrangeTim
279,49634,-139,Outclassed by Lab Monkeys,0,0,0,7,0,1,94,0,0,0,0,0,0,0,0,0,0,0,0,1,1,5,2,{Brycen Willey},0,0,0,2,0,Roger Coates,Research Director,1250,Linironkirito1,"","",0,""
280,49636,5478,Ambassadors of Discovery,8,0,2623,77,0,2,210,13,0,0,0,0,0,0,0,0,0,0,0,16,1,34,24,{Russell Lauffer},0,0,0,81,1,Kale Gibson,Head of Personnel,1180,Ke-nt0,Max Russell,Scientist,0,Foxiq
281,49638,-14759,Singularity Fodder,7,49,2536,8,0,0,1104,49,0,0,0,0,2,0,4,0,1,0,0,0,40,58,1,{Sebastian Pivovarov},1,0,1,36,40,"","",0,"","","",0,""
282,49640,-1716,You're All Fired,12,81,4100,55,0,8,1297,23,0,0,0,0,1,0,0,0,0,0,0,19,29,79,43,{Fin MacDucke},0,0,0,55,0,Lukas Wells,Xenoarchaeologist,915,Dimobox,Rick Shorts,Roboticist,121,FatFat
283,49642,5640,Ambassadors of Discovery,20,44,3389,55,0,0,1468,95,0,0,0,0,0,0,0,0,0,0,0,12,11,74,27,{Fin MacDucke},1,0,0,176,8,Nick King,Head of Personnel,1750,Stich_cat_,X'qarra X'gurilin,Test Subject,0,Bunkyfly
284,49644,1806,Promotions for Everyone,2,86,2354,46,0,38,619,19,0,0,0,0,0,0,0,0,0,0,0,0,2,57,43,{Sharon Nash},0,0,0,59,10,"","",0,"","","",0,""
285,49646,3989,Promotions for Everyone,0,0,664,41,0,0,230,0,0,0,0,0,0,0,0,0,0,0,0,3,1,14,9,"",1,0,0,9,0,Roman Elinov,Xenobiologist,380,Misterionno,Westerose Krieg,Atmospheric Technician,0,Tern0220
286,49648,931,Lean Mean Machine Thirteen,0,0,771,18,0,1,230,1,0,0,0,0,0,0,0,0,0,0,0,5,1,10,7,"",0,0,0,7,0,Anna Smith,Research Director,1395,Lazarev Vladimir,"","",0,""
287,49635,3162,Promotions for Everyone,8,58,2136,7,0,1,527,73,0,0,0,0,0,0,0,0,0,0,0,24,1,72,42,{Fanzilia Clark},0,0,0,149,20,Wolter Kefier,Psychiatrist,4025,Snacks Man,Richard Sidner,Test Subject,17,SirMoon
288,49637,639,Lean Mean Machine Thirteen,8,215,1090,7,0,6,671,25,0,0,0,0,1,0,0,0,0,0,0,0,2,61,55,{Sebastian Pivovarov},0,0,0,15,2,"","",0,"","","",0,""
289,49639,2513,Promotions for Everyone,1,130,2310,7,0,1,542,22,0,0,0,0,0,0,0,0,0,0,0,20,1,42,25,"",0,0,0,118,6,Oldman Kirsan,Head of Personnel,1500,Pasha2oo,Natalia Koneva,Head of Security,0,Zickusable
290,49641,9002,Ambassadors of Discovery,6,51,4357,57,0,0,626,27,0,0,0,0,0,0,0,0,0,368,0,27,1,51,37,"",1,0,0,196,24,Kale Gibson,Head of Personnel,1980,Ke-nt0,Romayne Aultman,Shaft Miner,18,Zonador
291,49643,6091,Ambassadors of Discovery,1,87,1437,61,0,3,618,74,0,0,0,0,0,0,12,0,0,0,0,10,1,26,11,"",0,0,0,62,16,Karl Smith,Research Director,1460,Lazarev Vladimir,Hatika,Shaft Miner,0,Zero Inside
292,49645,11442,The Pride of Science Itself,2,260,5678,87,0,0,241,17,0,0,0,0,0,0,0,0,0,0,0,26,1,70,41,{Sharon Nash},1,0,0,175,0,Vichita'Hidanchi'Tichivata,Scientist,3400,Aktano,Kirill Vasanski,Chef,21,Vorzan
293,49647,3955,Promotions for Everyone,5,3,0,47,0,0,83,0,0,0,0,0,0,0,0,0,0,0,0,0,1,11,3,"",1,0,0,25,12,Davion Carr,Shaft Miner,160,Chloe_Pricee,"","",0,""
294,49649,8724,Ambassadors of Discovery,9,581,3107,73,0,0,434,56,0,0,0,0,0,0,0,0,0,322,0,13,2,49,27,{Fin MacDucke},1,0,0,141,53,Patrick Sealis,Security Officer,4560,Nok1a,Alisa Don,Psychiatrist,72,Deyneristarg
295,49652,4103,Promotions for Everyone,0,199,861,7,0,0,122,56,0,0,0,0,0,0,0,0,0,0,0,7,0,20,8,{Derreck Milne},1,0,0,95,0,Liam O'Shea,Chief Engineer,1397,Onikuru,"","",0,""
296,49654,441,Best of a Good Bunch,0,11,399,7,0,3,154,23,0,0,0,0,0,0,0,0,0,0,0,8,1,14,10,"",0,0,0,43,0,M'ark M'rshan,Paramedic,45770,Morkleb,Colin Wheeler,Technical Assistant,20,QqqZXzz123
297,49656,76,"Not Bad, but Not Good",2,21,0,7,0,2,350,31,0,0,0,0,0,0,0,0,0,0,0,18,2,32,21,"",0,0,0,80,24,Dar'zahr,Medical Doctor,9680,HopelessSoul,Adolph Nastain,Security Cadet,2,TheRisY
298,49658,1750,Promotions for Everyone,0,19,1915,11,0,23,314,23,0,0,0,0,0,0,0,0,0,0,0,25,1,47,41,{Fin MacDucke},0,0,0,15,19,Artem Byblikov,Head of Personnel,500,HE_APTEM,"","",0,""
299,49660,2120,Promotions for Everyone,0,0,1901,7,0,1,61,0,0,0,0,0,0,0,0,0,0,0,0,4,0,11,8,"",0,0,0,0,0,Marcus Fulton,Scientist,720,Dikkii931,"","",0,""
300,49662,5472,Ambassadors of Discovery,0,5,140,82,0,0,103,4,0,0,0,0,0,0,0,0,0,0,0,18,0,22,22,{Sharon Nash},1,0,0,57,3,Jomar Marj'er,Scientist,3880,Dikkii931,Tommy Krubegsson,Test Subject,8,Void1Trader
301,49651,8850,Ambassadors of Discovery,2,203,5899,7,0,0,212,50,0,0,0,0,0,0,0,0,0,0,0,14,2,29,19,"",1,0,0,147,79,Karen,Chief Medical Officer,1750,Refug,Liam O'Shea,Chief Engineer,22,Onikuru
302,49653,2455,Promotions for Everyone,2,0,2230,11,0,2,245,0,0,0,0,0,0,0,0,0,0,0,0,2,0,11,5,"",0,0,0,24,0,Phoenix Earl,Xenoarchaeologist,1615,Panbaster,"","",0,""
303,49655,1231,Promotions for Everyone,2,0,894,7,0,2,128,3,0,0,0,0,0,0,0,0,0,0,0,6,0,21,14,"",0,0,0,48,0,K'rakirr Jirkshah,Xenoarchaeologist,1110,Individuum135,"","",0,""
304,49657,9194,Ambassadors of Discovery,7,347,4180,41,0,0,118,31,0,0,0,0,0,0,0,0,0,0,0,25,1,54,35,"",1,0,0,114,80,Artem Byblikov,Head of Personnel,1455,HE_APTEM,"","",0,""
305,49659,10517,The Pride of Science Itself,8,412,4631,82,0,0,421,52,0,0,0,0,0,0,0,0,0,0,0,33,3,78,50,{Marco Holmes},1,0,0,303,34,Calvin Wilson,Test Subject,9620,Kots222,Nicole Valencia,Station Engineer,0,Lunika02
306,49661,3747,Promotions for Everyone,1,26,0,50,0,0,454,5,0,0,0,0,0,0,0,0,0,0,0,3,0,10,4,"",1,0,0,40,20,Max Russell,Research Director,1925,Foxiq,"","",0,""
307,49663,2596,Promotions for Everyone,23,24,5358,56,0,2,796,8,0,1,0,0,2,0,0,0,0,0,2,5,18,77,34,{Kane Ayron},0,0,0,235,11,Zayden Fiddler,"",1140,SergalCute,Robert Boyd,Station Engineer,50,Chutoad.
308,49671,4303,Promotions for Everyone,4,232,1117,7,0,0,291,42,0,0,0,0,0,0,0,0,0,0,0,11,1,21,15,"",1,0,0,70,0,Arleen Morris,Head of Personnel,1750,StepanZZZ,Curly Mens,Shaft Miner,1,Arygal
309,49672,3236,Promotions for Everyone,0,0,105,26,0,0,224,0,0,0,0,0,0,0,0,0,0,0,0,3,0,7,3,"",1,0,0,38,62,Albert Braun,Internal Affairs Agent,1700,Iygorsh,"","",0,""
310,49674,3157,Promotions for Everyone,1,0,259,7,0,0,62,0,0,0,0,0,0,0,0,0,0,0,0,7,0,11,11,"",1,0,0,6,0,Loper Trofy,Station Engineer,1690,Nik_na_PC,"","",0,""
311,49675,6010,Ambassadors of Discovery,0,11,1396,64,0,0,122,1,0,0,0,0,0,0,0,0,0,0,0,12,0,25,17,"",1,0,0,37,0,Donald Siegrist,Security Cadet,1900,SMOLIN,Maya Foxova,Virologist,7,FoxedHuman
312,49676,2708,Promotions for Everyone,0,34,252,7,0,0,63,5,0,0,0,0,1,0,0,0,0,0,0,0,0,14,21,"",1,0,0,6,5,"","",0,"","","",0,""
313,49677,7008,Ambassadors of Discovery,2,34,2515,68,0,0,456,20,0,0,0,0,0,0,0,0,0,0,0,15,1,39,30,"",1,0,0,171,70,Dmitriy Ulyanov,Chief Medical Officer,5470,AndreyGysev,Otto Schulz,Quartermaster,21,Hans32
314,49678,288,Best of a Good Bunch,4,40,3132,8,0,5,919,29,0,0,0,0,1,0,0,0,0,473,0,0,9,52,35,"",0,0,0,62,15,"","",0,"","","",0,""
315,49679,5022,Ambassadors of Discovery,1,0,992,47,0,0,55,0,0,0,0,0,0,0,0,0,0,0,0,4,0,8,4,"",1,0,0,1,0,Anna Smith,Research Director,1850,Lazarev Vladimir,"","",0,""
316,49680,4188,Promotions for Everyone,1,73,2885,61,0,3,790,61,0,0,0,0,0,0,0,0,0,0,0,26,3,78,50,{Carlos Alfonco Lopez},0,0,0,173,0,Toby Bush,Mime,2595,ToBy_BoN,Lim Al-Kuds,Test Subject,0,Stekliannii_ork
317,49681,5029,Ambassadors of Discovery,0,2,2368,10,0,0,156,8,0,0,0,0,0,0,0,0,0,0,0,9,1,22,14,"",1,0,0,38,9,Frank Pavlov,Xenoarchaeologist,6150,TheOrangeTim,Colton Moore,Shaft Miner,14,Robicod
318,49682,5678,Ambassadors of Discovery,23,52,3885,61,0,35,729,53,0,1,0,0,1,0,0,0,0,0,0,38,2,85,53,{Sharon Nash},0,0,0,216,8,Drill Gnoos,Chief Medical Officer,4335,GrozaAndGrom,Marks Jones,Chemist,144,Barakon
319,49683,2574,Promotions for Everyone,0,0,1789,46,0,1,390,0,0,0,0,0,0,0,0,0,0,0,0,13,2,26,15,{Keegan Hunt},0,0,0,41,25,Dariya Nowashtein,Chief Engineer,7000,Onikuru,Grant Hincken,Test Subject,0,Denuccaa
320,49684,-759,A Waste of Perfectly Good Oxygen,0,0,0,7,0,5,69,0,0,0,0,0,0,0,0,0,0,0,0,0,3,9,0,"",0,0,0,6,0,"","",0,"","","",0,""
321,49685,2665,Promotions for Everyone,0,0,295,7,0,0,95,1,0,0,0,0,1,0,0,0,0,0,0,0,0,41,45,{Kale Gibson},1,0,0,3,0,"","",0,"","","",0,""
322,49686,-7424,Singularity Fodder,12,0,1294,24,0,16,2018,32,0,0,0,0,1,0,0,0,0,0,0,0,31,52,39,{Kale Gibson},0,0,0,18,3,"","",0,"","","",0,""
323,49687,10014,The Pride of Science Itself,3,63,5799,50,0,0,218,49,0,0,0,0,0,0,0,0,0,0,0,6,1,28,19,"",1,0,0,78,37,Anna Smith,Research Director,1500,Lazarev Vladimir,Larry Barret,Chef,0,OgYr4Nk
324,49688,185,Skillful Servants of Science,1,3,1220,47,0,16,1643,5,0,0,0,0,0,0,0,0,0,0,0,33,5,64,39,{Kale Gibson},0,0,0,40,11,Zikkykikati,Station Engineer,1185,FlyingDebil,Hatika,Shaft Miner,0,""
325,49689,3100,Promotions for Everyone,0,30,424,17,0,0,114,0,0,0,0,0,1,0,0,0,0,0,0,0,0,52,54,{Kale Gibson},1,0,0,27,4,"","",0,"","","",0,""
326,49690,2842,Promotions for Everyone,0,22,40,10,0,0,155,12,0,0,0,0,0,0,0,0,0,0,0,3,0,16,7,"",1,0,0,39,0,Anna Smith,Research Director,34605,Lazarev Vladimir,Westerose Krieg,Atmospheric Technician,26,Tern0220
327,49691,3138,Promotions for Everyone,7,68,2815,49,0,10,770,61,0,1,0,0,0,0,1,0,0,0,1,1,4,68,26,{Kale Gibson},0,0,0,87,17,Mark Murkenliebe,Quartermaster,350,Frohe_Ostern,Mark Murkenliebe,Quartermaster,100,Frohe_Ostern
328,49692,3481,Promotions for Everyone,1,475,2676,49,0,61,840,61,0,0,0,0,0,0,6,0,0,0,0,16,3,43,26,{Carlos Alfonco Lopez},0,0,0,80,27,John Anderson,Internal Affairs Agent,1200,Azri.Dreemurr,Yan Remi,Botanist,21,Yan704
329,49694,9015,Ambassadors of Discovery,21,9,8923,7,0,1,392,4,0,0,0,0,0,0,0,0,0,0,0,8,6,34,12,"",0,0,0,207,0,Franklin Davis,Quartermaster,2100,X10enon,Phoenix Earl,Xenoarchaeologist,5,Panbaster
330,49695,-3262,You're All Fired,0,0,60,7,0,116,52,0,0,0,0,0,0,0,0,0,0,0,0,0,0,0,0,"",0,0,0,0,0,"","",0,"","","",0,""
331,49696,-1159,You're All Fired,0,0,370,8,0,62,154,19,0,0,0,0,0,0,0,0,0,0,0,6,0,10,6,"",0,0,0,45,0,Albina Djamaeva,Medical Doctor,1055,Mauzer98,Adam Grace,Chaplain,0,X10enon
332,49698,2806,Promotions for Everyone,0,64,155,7,0,0,208,22,0,0,0,0,0,0,0,0,0,0,0,9,1,17,15,"",1,0,0,28,0,Max Russell,Station Engineer,1330,Foxiq,"","",0,""
333,49699,-917,A Waste of Perfectly Good Oxygen,0,281,1335,21,0,94,173,26,0,0,0,0,0,0,0,0,0,0,0,8,2,24,13,"",0,0,0,60,1,Kane Thompson,Head of Personnel,1444,OlderMan,K'rakirr Jirkshah,Botanist,21,Individuum135
334,49700,-1178,You're All Fired,0,7,364,17,0,5,439,6,0,0,0,0,0,0,0,0,0,0,0,10,6,33,19,"",0,0,1,48,100,Devon Black,Roboticist,1207,Puzoslav,Breher,Clown,7,SMOLIN
335,49701,-4194,You're All Fired,6,386,590,7,0,10,2425,79,0,0,0,0,1,0,0,0,0,0,0,20,15,59,31,{Leroy Osterweis},0,0,0,132,34,Son Of Bucket,Roboticist,1260,Individuum135,Joseph Shraud,Research Assistant,28,Limuli
336,49703,2978,Promotions for Everyone,2,0,0,7,0,0,82,0,0,0,0,0,0,0,0,0,0,0,0,8,0,15,12,"",1,0,0,26,22,Loper Trofy,Station Engineer,1110,Nik_na_PC,Loper Trofy,Station Engineer,9,Nik_na_PC
337,49704,5539,Ambassadors of Discovery,3,30,3204,7,0,0,580,40,0,0,0,0,0,0,0,0,0,0,0,0,1,61,42,{Kevin Stinger},1,0,0,33,28,"","",0,"","","",0,""
338,49705,3405,Promotions for Everyone,17,43,2431,56,0,0,1389,83,0,0,0,0,2,0,0,0,0,0,5,8,13,91,38,{Yui Nisimura},1,0,0,245,18,Dell Conrad,Chief Engineer,2290,EngineerConager,Bruce Green,Scientist,9,BubbleZZZZZ
339,49706,1519,Promotions for Everyone,2,156,0,51,0,1,262,0,0,0,0,0,0,0,0,0,0,0,0,9,1,19,10,"",0,0,0,101,4,S'shakita K'khiar S'sar,Psychiatrist,9285,Aleksandr gudkov,Isaac Marriman,Bartender,0,Chloe_Pricee
340,49707,10286,The Pride of Science Itself,2,318,6218,43,0,0,985,114,0,0,0,0,0,0,0,0,0,766,0,29,2,77,41,{James Patterson},1,0,0,215,34,James Patterson,Captain,1790,Maglib,Ianko Lavr,Chemist,0,Coroner
341,49708,2848,Promotions for Everyone,0,41,0,7,0,0,178,0,0,0,0,0,0,0,0,0,0,0,0,11,0,24,17,{Sharon Nash},1,0,0,78,20,Russell Lauffer,Chief Medical Officer,3250,Winli_no_lol,"","",0,""
342,49709,7995,Ambassadors of Discovery,11,1050,1585,77,0,0,825,25,0,0,0,0,0,0,0,0,0,0,0,27,1,74,45,{Sharon Nash},1,0,0,213,38,Derreck Milne,Quartermaster,4960,Non.sugar,John Anderson,Internal Affairs Agent,22,Azri.Dreemurr
343,49713,8230,Ambassadors of Discovery,5,244,3310,63,0,0,624,7,0,0,0,0,0,0,0,0,0,0,0,20,0,57,33,{Yui Nisimura},1,0,0,144,0,Ivory Howard,Security Officer,27380,IrvingMcAll,Albina Steinau,Security Officer,62,M1sery
344,49714,861,Lean Mean Machine Thirteen,1,261,2275,58,0,72,870,3,0,1,0,0,2,0,2,0,0,0,3,11,3,33,13,"",0,0,0,85,0,Brown,"",1920,Colonist,"","",0,""
345,49728,-576,A Waste of Perfectly Good Oxygen,0,0,0,7,0,7,76,0,0,0,0,0,0,0,0,0,0,0,0,0,2,2,0,"",0,0,0,0,0,"","",0,"","","",0,""
346,49729,2907,Promotions for Everyone,2,4,60,7,0,0,207,3,0,0,0,0,0,0,0,0,0,0,0,7,0,23,11,"",1,0,0,76,0,Norbert Albre,Roboticist,2918,Wolf_Drake,Zayden Fiddler,Warden,0,SergalCute
347,49730,381,Best of a Good Bunch,3,0,45,7,0,2,64,0,0,0,0,0,0,0,0,0,0,0,0,1,0,3,1,{Otto Schulz},0,0,0,4,0,Otto Schulz,Captain,1500,Hans32,"","",0,""
348,49731,4874,Promotions for Everyone,18,0,528,21,0,0,339,11,0,0,0,0,0,0,0,0,0,0,0,16,1,34,22,"",1,0,0,44,0,Artemida Byblikova,Chief Engineer,1750,HE_APTEM,Theodore Curry,"",1,Bozzie
349,49732,2704,Promotions for Everyone,0,23,0,7,0,0,29,0,0,0,0,0,0,0,0,0,0,0,0,0,0,1,0,"",1,0,0,2,0,"","",0,"","","",0,""
350,49733,-4849,You're All Fired,5,42,1829,21,0,9,1260,11,0,0,0,0,1,0,0,0,0,0,0,0,24,46,24,"",0,0,0,26,8,"","",0,"","","",0,""
351,49734,6265,Ambassadors of Discovery,6,453,4199,60,0,6,682,10,0,0,0,0,0,0,0,0,0,0,0,37,3,68,53,"",0,0,0,241,0,Artemida Byblikova,Chief Engineer,1450,HE_APTEM,Max Basaev,Chef,57,StarMoore
352,49735,3148,Promotions for Everyone,0,192,70,7,0,0,54,21,0,0,0,0,0,0,0,0,0,0,0,5,0,9,10,{Harvey Powers},1,0,0,18,43,Harvey Powers,Captain,2100,CTpacTHblu JluHb,"","",0,""
353,49736,-866,A Waste of Perfectly Good Oxygen,4,0,2460,7,0,9,806,0,0,0,0,0,1,0,0,0,0,0,0,0,10,51,36,{Franc Lafyer},0,0,0,5,0,"","",0,"","","",0,""
354,49737,1340,Promotions for Everyone,0,267,2831,48,0,118,1253,39,0,0,1,0,0,0,3,0,0,0,0,26,4,56,42,{Marco Holmes},0,0,0,84,3,Rex Belov,Janitor,7510,BeliY,Sergey Gluhar,Medical Doctor,0,Lucius666Kain
355,49738,7042,Ambassadors of Discovery,2,6,2810,42,0,0,79,9,0,0,0,0,0,0,0,0,0,0,0,14,0,34,23,"",1,0,0,55,20,Liam O'Shea,Chief Engineer,1661,Onikuru,Adolph Nastain,Paramedic,20,TheRisY
356,49739,7181,Ambassadors of Discovery,5,171,4238,63,0,0,933,28,0,0,0,0,0,0,0,0,0,0,0,22,7,72,39,{Lim Al-Kuds},1,0,0,173,6,Rex Belov,Shaft Miner,1500435,BeliY,Eliot Williamson,Technical Assistant,0,SOVA_06
357,49740,-1404,You're All Fired,0,0,0,7,0,18,324,0,0,0,0,0,0,0,0,0,0,0,0,0,3,4,1,"",0,0,0,6,0,"","",0,"","","",0,""
358,49741,3502,Promotions for Everyone,0,40,2270,40,0,2,403,6,0,0,0,0,0,0,0,0,0,0,0,17,0,33,29,{Gennady Whiteman},0,0,0,115,18,Elizabeth Rubram,Forensic Technician,7942,DeadFan,Isaiah Vader,Roboticist,52,Maleyvich
359,49743,7934,Ambassadors of Discovery,2,78,3301,59,0,0,290,0,0,0,0,0,0,0,0,0,0,0,0,17,0,40,23,"",1,0,0,210,0,Adam Baklazhanov,Botanist,14584,Hohol2007,Joe Jab,Mime,0,Aninihka
360,49746,-6872,Singularity Fodder,3,65,1892,14,0,70,974,20,0,0,0,0,1,0,0,0,0,0,0,0,25,54,18,"",0,0,0,21,102,"","",0,"","","",0,""
361,49742,881,Lean Mean Machine Thirteen,1,64,5632,87,0,26,1715,44,0,0,0,0,0,0,0,0,0,0,0,1,21,82,28,{Yui Nisimura},0,0,0,161,0,Karen,Research Director,1500,Refug,"","",0,""
362,49744,4126,Promotions for Everyone,3,251,2250,62,0,2,815,58,0,0,0,0,0,0,4,0,0,0,0,25,6,68,43,"",0,0,0,120,30,Norman Don,Xenoarchaeologist,1570,Intesus,Zikkykikati,Chemist,0,FlyingDebil
363,49747,8998,Ambassadors of Discovery,3,0,4964,58,0,0,611,1,0,0,0,0,0,0,0,0,0,0,0,7,0,29,24,"",1,0,0,58,34,Omicron,Scientist,1071,MMDI,Norman Don,Shaft Miner,0,Intesus
364,49749,2874,Promotions for Everyone,2,1,0,7,0,0,122,12,0,0,0,0,0,0,0,0,0,0,0,3,0,12,5,"",1,0,0,25,0,Jose Butterfill,Head of Personnel,1250,Peperspray,"","",0,""
365,49751,3277,Promotions for Everyone,0,96,261,34,0,0,585,2,0,0,0,0,0,0,0,0,0,0,0,19,2,36,29,"",1,0,0,167,1,M'ark M'rshan,Roboticist,1980,Morkleb,Gikakhayikati,Chef,0,SweetMaurse
366,49753,310,Best of a Good Bunch,0,0,150,7,0,1,70,0,0,0,0,0,0,0,0,0,0,0,0,2,0,3,3,"",0,0,0,1,1,Seok Drummond,Research Director,250,"","","",0,""
367,49755,4281,Promotions for Everyone,5,828,3476,60,0,3,1303,49,0,1,0,0,0,0,1,0,0,0,2,28,7,75,48,{Yui Nisimura},0,0,0,201,1,Dominick Pycroft,Forensic Technician,1003,Hwat1204,Alex Ermakov,"",21,AlexSHIKHOV
368,49757,-1094,You're All Fired,6,222,829,15,0,9,665,28,0,0,0,0,1,0,0,0,0,0,0,0,8,55,46,{Isaiah Vader},0,0,0,28,84,"","",0,"","","",0,""
369,49748,9653,Ambassadors of Discovery,4,0,5445,65,0,0,362,4,0,0,0,0,0,0,0,0,0,0,0,2,1,21,8,"",1,0,0,60,47,Max Russell,Scientist,1415,Foxiq,Kshchis'sar Nsia,Shaft Miner,10,DarkDragos
370,49750,5045,Ambassadors of Discovery,4,96,2489,67,0,2,240,30,0,0,0,0,0,0,0,0,0,0,0,12,0,23,17,"",0,0,0,55,11,Max Russell,Shaft Miner,3495,Foxiq,Jose Butterfill,Head of Personnel,22,Peperspray
371,49752,6250,Ambassadors of Discovery,1,7,2396,48,0,0,393,10,0,0,0,0,0,0,0,0,0,0,0,17,1,53,36,"",1,0,0,75,2,Salvador Leach,Head of Personnel,1680,PhantomElite,Alex Ermakov,Chef,0,AlexSHIKHOV
372,49754,5875,Ambassadors of Discovery,0,0,848,82,0,0,118,2,0,0,0,0,0,0,0,0,0,0,0,7,0,12,10,"",1,0,0,23,49,Joseph Dreyfus,Chief Medical Officer,2000,Carpo22,"","",0,""
373,49756,4141,Promotions for Everyone,0,4,1641,7,0,0,139,0,0,0,0,0,0,0,0,0,0,0,0,7,1,16,8,"",1,0,0,18,0,Amelia Llora,Recycler,4260,NikMaestro,"","",0,""
374,49770,-2546,You're All Fired,0,0,811,7,0,118,52,0,0,0,0,0,0,0,0,0,0,0,0,1,0,4,2,"",0,0,0,1,0,Colton Moore,Shaft Miner,240,Robicod,"","",0,""
375,49771,5098,Ambassadors of Discovery,1,28,1069,71,0,0,924,4,0,0,0,0,0,0,0,0,0,0,0,8,0,16,12,"",1,0,0,55,0,Arleen Morris,Head of Personnel,1700,StepanZZZ,Johnny Edwards,Station Engineer,1,Steinbeck
376,49772,4164,Promotions for Everyone,7,24,0,51,0,0,325,7,0,0,0,0,0,0,0,0,0,0,0,5,1,16,8,"",1,0,0,35,0,Gatatikikichakiya,Atmospheric Technician,1570,FaH3uJIb,"","",0,""
377,49773,6850,Ambassadors of Discovery,8,31,1761,48,0,0,142,22,0,0,0,0,0,0,0,0,0,0,0,22,0,37,29,"",1,0,0,98,0,Tamsin Winton,Chef,6370,Shahmatist,Marks Jones,Chemist,1,Barakon
378,49774,3691,Promotions for Everyone,0,0,35,36,0,0,124,0,0,0,0,0,0,0,0,0,0,0,0,8,0,14,9,"",1,0,0,35,10,Jayce Snyder,Research Director,1690,Kalter228dead,Elizabeth Wayne,Roboticist,187,""
379,49776,4665,Promotions for Everyone,4,195,0,51,0,0,420,17,0,0,0,0,0,0,0,0,0,0,0,29,1,55,35,"",1,0,0,188,80,Erich Manstein,"",3960,ErizeUA,Ched Mark,Botanist,0,Rise_H4rd
380,49777,2122,Promotions for Everyone,0,157,863,53,0,1,113,16,0,0,0,0,0,0,0,0,0,0,0,13,3,17,16,"",0,0,0,39,6,Harvey Powers,Head of Security,1425,CTpacTHblu JluHb,"","",0,""
381,49778,4468,Promotions for Everyone,1,3,1072,60,0,0,492,2,0,0,0,0,0,0,0,0,0,0,0,0,2,47,39,"",1,0,0,14,2,"","",0,"","","",0,""
382,49779,6483,Ambassadors of Discovery,6,64,2343,52,0,0,829,29,0,0,0,0,0,0,0,0,0,0,0,30,2,64,46,"",1,0,0,68,168,Brycen Willey,Head of Security,960,Garviuss,Michael Badger,Botanist,0,HEYBadger here
383,49780,912,Lean Mean Machine Thirteen,0,0,2448,7,0,51,166,0,0,0,0,0,0,0,0,0,0,0,0,8,1,19,12,"",0,0,0,15,0,Tate Hussain,Shaft Miner,4240,Solaridze,"","",0,""
384,49781,7818,Ambassadors of Discovery,4,327,3026,68,0,0,665,63,0,0,0,0,0,0,0,0,0,0,0,29,3,71,46,"",1,0,0,364,50,Salvador Leach,Head of Personnel,1470,PhantomElite,Leonid Mebrinov,Quartermaster,25,Yafacepravda2
385,49782,278,Best of a Good Bunch,0,0,489,7,0,1,256,3,0,0,0,0,0,0,0,0,0,0,0,14,2,27,18,"",0,0,0,46,0,Oni,Detective,1065,Atomas,Marje Richards,Recycler,0,Chloe_Pricee
386,49783,4632,Promotions for Everyone,1,0,0,72,0,0,103,0,0,0,0,0,0,0,0,0,0,0,0,0,0,6,0,"",1,0,0,24,0,"","",0,"","","",0,""
387,49784,9045,Ambassadors of Discovery,1,78,5135,64,0,0,353,18,0,0,0,0,1,0,0,0,0,0,0,24,3,62,43,"",1,0,0,91,26,Ivan Dzasohov,Shaft Miner,1285,Zonador,Shak'Ket Hessa,Chemist,0,Stepansamp228pos
388,49785,4232,Promotions for Everyone,0,1,3495,29,0,1,569,38,0,0,0,0,0,0,0,0,0,0,0,11,0,35,31,"",0,0,0,118,12,Al'tira Sh'konsen,Shaft Miner,2826,Mental eater,Georg Selinof,Scientist,0,Dojoan
389,49786,-3183,You're All Fired,9,186,2963,47,0,11,1507,35,0,0,0,0,2,0,0,0,0,0,0,0,25,69,34,{Myron Demetrios},0,0,0,148,0,"","",0,"","","",0,""
390,49787,4186,Promotions for Everyone,5,5,1823,37,0,0,1487,22,0,0,0,0,1,0,0,0,0,0,0,0,0,26,25,"",1,0,0,24,0,"","",0,"","","",0,""
391,49788,-4121,You're All Fired,0,105,1698,22,0,22,699,0,0,0,0,0,0,0,0,0,0,0,0,1,21,46,21,{Myron Demetrios},0,0,0,3,4,Karen,Research Director,500,Refug,"","",0,""
392,49789,-1137,You're All Fired,1,6,1492,14,0,0,2385,6,0,0,0,0,0,0,0,0,0,254,0,9,14,44,20,{Gennady Whiteman},1,0,0,71,13,Kenneth Harrow,"",1260,Chef2020,Kenneth Harrow,"",0,Chef2020
393,49790,871,Lean Mean Machine Thirteen,10,186,2366,52,0,23,586,32,0,0,0,0,0,0,0,0,0,0,0,15,13,56,44,"",0,0,0,78,34,Lynn Young,Research Director,720,HeavenlyBlue,Petr Metelsky,Technical Assistant,18,Javeliin
394,49791,6469,Ambassadors of Discovery,13,769,4380,55,0,6,445,24,0,0,0,0,0,0,0,0,0,0,0,28,6,61,45,"",0,0,0,197,23,Ivan Dzasohov,Shaft Miner,2430,Zonador,Robert Boyd,Station Engineer,51,Chutoad.
395,49792,4191,Promotions for Everyone,0,89,0,54,0,0,473,31,0,0,0,0,0,0,0,0,0,0,0,12,0,35,19,"",1,0,0,133,39,Joseph Dreyfus,Chief Medical Officer,1485,Carpo22,Rodger Johnson,Botanist,0,Kotchan
396,49793,4845,Promotions for Everyone,0,670,1020,33,0,0,635,60,0,0,0,0,0,0,0,0,0,0,0,10,1,42,18,"",1,0,0,54,0,Kshchis'sar Nsia,Paramedic,1000570,DarkDragos,Adam Browning Jr,Shaft Miner,18,Petrubator
397,49794,3453,Promotions for Everyone,0,0,3458,7,0,1,210,0,0,0,0,0,0,0,0,0,0,0,0,1,0,20,4,{Xander Morris},0,0,0,70,7,Mr.Honky,Clown,141,TheOrangeTim,"","",0,""
398,49795,9661,Ambassadors of Discovery,1,12,5597,49,0,0,288,19,0,0,0,0,0,0,0,0,0,0,0,8,0,25,12,{Rafael Sunders},1,0,0,72,0,Rafael Sunders,Captain,2355,Colonist,"","",0,""
399,49796,2588,Promotions for Everyone,0,138,0,7,0,0,135,10,0,0,0,0,0,0,0,0,0,0,0,3,1,8,3,"",1,0,0,22,0,Hugo Bash,Recycler,120,Solaridze,Juan Williis,Test Subject,18,Moonlight7
400,49797,-1481,You're All Fired,0,0,70,7,0,57,51,0,0,0,0,0,0,0,0,0,0,0,0,0,0,1,1,"",0,0,0,0,0,"","",0,"","","",0,""
401,49798,47,"Not Bad, but Not Good",0,0,145,7,0,9,63,0,0,0,0,0,0,0,0,0,0,0,0,1,0,10,5,{Otto Schulz},0,0,0,3,0,Jon Ers,Research Director,750,DarkFurrSss,"","",0,""
402,49799,-3138,You're All Fired,0,1,625,7,0,111,244,0,0,0,0,0,0,0,0,0,0,0,0,4,2,6,4,"",0,0,0,2,0,Sandra Maclagan,Head of Security,750,KurvoAttano,"","",0,""
403,49800,3332,Promotions for Everyone,2,36,296,7,0,0,220,17,0,0,0,0,0,0,0,0,0,0,0,11,0,16,16,{Myron Demetrios},1,0,0,56,22,Luke Roadman,Botanist,6345,Gaming Dog,"","",0,""
404,49801,-1724,You're All Fired,0,0,0,7,0,45,109,0,0,0,0,0,0,0,0,0,0,0,0,1,2,9,5,"",0,0,0,4,21,Chris Hice,Janitor,100,Solaridze,Skiddle,Clown,56,""
405,49802,621,Lean Mean Machine Thirteen,5,35,1940,13,0,69,629,61,0,0,0,0,0,0,0,0,0,0,0,11,0,27,17,"",0,0,0,36,0,Salvador Leach,Research Director,8090,PhantomElite,Solveig Potter,Scientist,2,Rumpitur
406,49803,-246,Outclassed by Lab Monkeys,0,87,1343,58,0,3,516,28,0,0,0,0,0,0,0,0,0,0,0,2,11,47,25,"",0,0,1,123,13,Salvador Leach,Head of Personnel,1440,PhantomElite,"","",0,""
407,49804,-1307,You're All Fired,3,0,0,7,0,33,297,4,0,0,0,0,0,0,0,0,0,0,0,11,3,18,15,"",0,0,0,29,49,Giovanni Archibald,Internal Affairs Agent,955,Solaridze,Mr.Honky,Clown,47,TheOrangeTim
408,49805,6822,Ambassadors of Discovery,9,610,3320,68,0,1,578,77,0,0,0,0,0,0,0,0,0,0,0,36,2,63,45,{Myron Demetrios},0,0,0,224,0,Tamsin Winton,Security Officer,6560,Shahmatist,Koudi Cooper,Roboticist,30,TryXAH
409,49806,-491,A Wretched Heap of Scum and Incompetence,0,98,628,39,0,74,317,5,0,0,0,0,0,0,0,0,0,0,0,15,1,31,22,"",0,0,0,28,7,Sergey Labuda,Technical Assistant,2395,Wandermu,Adam Harrison,Shaft Miner,7,Homeless_ranger
410,49807,5897,Ambassadors of Discovery,5,832,1429,73,0,0,839,67,0,0,0,0,0,0,0,0,0,0,0,13,5,75,46,{Schmartz Secret},1,0,0,218,127,Calvin Wilson,Test Subject,1445,Kots222,Tamsin Winton,Security Cadet,0,""
411,49808,-615,A Waste of Perfectly Good Oxygen,0,8,535,7,0,32,408,0,0,0,0,0,0,0,0,0,0,0,0,0,0,25,19,"",0,0,0,18,8,"","",0,"","","",0,""
412,49810,6238,Ambassadors of Discovery,2,52,1722,68,0,0,341,3,0,0,0,0,0,0,0,0,0,0,0,14,1,42,23,"",1,0,0,87,67,Mr.Honky,Clown,13120,TheOrangeTim,Shashar Ra'Rsh,Roboticist,0,""
413,49811,4377,Promotions for Everyone,3,0,0,53,0,0,98,2,0,0,0,0,0,0,0,0,0,0,0,6,0,25,8,{Friedrich Von Klyains},1,0,0,52,0,Sigma O'Neill,Research Director,1485,MMDI,Ty Caldwell,Quartermaster,22,Solaridze
414,49812,5013,Ambassadors of Discovery,5,98,2475,70,0,2,660,7,0,0,0,0,1,0,0,0,0,0,0,36,0,64,52,{Myron Demetrios},0,0,0,138,105,Robert Liech,Station Engineer,4925,Blamburg,Noy Haifrai,Janitor,0,Noy Haifrai
415,49813,1317,Promotions for Everyone,0,0,439,46,0,2,192,0,0,0,0,0,1,0,0,0,0,0,0,0,0,22,23,"",0,0,0,30,0,"","",0,"","","",0,""
416,49814,-2409,You're All Fired,3,128,7190,41,0,2,527,31,0,0,0,0,1,0,0,0,0,0,0,0,42,75,22,{Keegan Hunt},0,0,0,103,16,"","",0,"","","",0,""
417,49815,2754,Promotions for Everyone,6,10,0,7,0,0,321,1,0,0,0,0,0,0,0,0,0,0,0,6,1,19,6,"",1,0,0,124,0,Tristan Garratt,Station Engineer,2665,"",Tristan Garratt,Station Engineer,21,""
418,49816,4671,Promotions for Everyone,9,0,569,54,0,0,348,6,0,0,0,0,0,0,0,0,0,0,1,15,3,49,22,{Gennady Whiteman},1,0,0,55,0,Xander Morris,Head of Personnel,1735,Vipo24,Elizabeth Rubram,Forensic Technician,23,DeadFan
419,49817,-2551,You're All Fired,3,383,541,10,0,14,925,19,0,0,0,0,1,0,0,0,0,0,0,0,10,59,51,{Calvin Wilson},0,0,0,14,9,"","",0,"","","",0,""
420,49818,256,Best of a Good Bunch,17,112,2045,49,0,6,1566,30,0,0,0,0,0,0,0,0,0,0,0,28,15,81,54,{Myron Demetrios},0,0,0,175,16,Arthur Garland,Security Cadet,6250,Gulltheflyingworm,Alex Ermakov,Botanist,62,AlexSHIKHOV
421,49819,-2433,You're All Fired,0,1,328,7,0,0,247,0,0,0,0,0,0,0,0,0,0,200,0,1,21,35,10,"",1,0,0,19,17,Helen Knapp,Research Director,750,Afiugs,Helen Knapp,Research Director,6,Afiugs
422,49820,57,"Not Bad, but Not Good",0,0,557,7,0,28,120,0,0,0,0,0,0,0,0,0,0,0,0,20,1,28,25,"",0,0,0,16,0,Harvey Powers,Station Engineer,570,CTpacTHblu JluHb,Liam O'Shea,Chief Engineer,0,Onikuru
423,49821,-246,Outclassed by Lab Monkeys,17,624,3144,63,0,9,2639,51,0,0,0,0,0,0,0,0,0,0,0,19,20,74,37,{Lim Al-Kuds},0,0,0,127,0,Arleen Morris,Internal Affairs Agent,1125,StepanZZZ,Koudi Cooper,Roboticist,22,TryXAH
424,49822,2806,Promotions for Everyone,0,0,0,40,0,0,434,33,0,0,0,0,0,0,0,0,0,0,0,5,3,31,14,"",1,0,0,65,13,Helen Knapp,Scientist,1028,Afiugs,Jhin Handa,Chaplain,57,Jhin Handa
425,49823,-674,A Waste of Perfectly Good Oxygen,0,0,0,7,0,29,39,0,0,0,0,0,0,0,0,0,0,0,0,1,0,6,1,{Brittany Ray},0,0,0,0,0,Brittany Ray,Captain,600,Individuum135,"","",0,""
426,49824,2533,Promotions for Everyone,8,196,4639,28,0,4,1907,37,0,0,0,0,1,0,0,0,0,716,0,4,7,61,26,{Keegan Hunt},0,0,0,218,8,Steven Koolen,Geneticist,1260,WyrmP,Georg Selinof,Forensic Technician,31,Dojoan
427,49825,1099,Promotions for Everyone,0,0,1130,7,0,2,181,0,0,0,0,0,0,0,0,0,0,0,0,0,0,13,0,"",0,0,0,3,0,"","",0,"","","",0,""
428,49826,6982,Ambassadors of Discovery,0,6,3864,55,0,0,429,0,0,0,0,0,0,0,0,0,0,0,0,6,3,21,6,{Jon Ers},1,0,0,34,0,Curly Mens,Scientist,891,Arygal,Curly Mens,Scientist,5,Arygal
429,49827,-1532,You're All Fired,0,0,110,7,0,60,52,0,0,0,0,0,0,0,0,0,0,0,0,0,0,1,0,"",0,0,0,0,0,"","",0,"","","",0,""
430,49828,3061,Promotions for Everyone,3,0,73,7,0,0,127,1,0,0,0,0,0,0,0,0,0,0,0,7,0,15,8,{Jon Ers},1,0,0,24,0,Lar'rk Shir'rer,Recycler,8077,Onikuru,"","",0,""
431,49829,813,Lean Mean Machine Thirteen,0,0,0,54,0,22,97,0,0,0,0,0,0,0,0,0,0,0,0,8,1,12,8,{Natalia Koneva},0,0,0,15,0,Phoebe Garland,Head of Security,1247,KurvoAttano,Ikitatikichi,Xenoarchaeologist,11,Prodocopter
432,49832,7243,Ambassadors of Discovery,0,578,2209,61,0,0,109,27,0,0,0,0,0,0,0,0,0,0,0,14,1,27,18,"",1,0,0,89,0,Gelon Torn,Botanist,8007,Bodya Dent,"","",0,""
433,49833,-1569,You're All Fired,0,0,0,7,0,57,94,0,0,0,0,0,0,0,0,0,0,0,0,1,0,5,2,{Artemida Bublikova},0,0,0,0,0,Harvey Powers,Head of Security,750,CTpacTHblu JluHb,"","",0,""
434,49834,7044,Ambassadors of Discovery,4,132,2151,65,0,0,284,4,0,0,0,0,0,0,0,0,0,0,0,21,1,41,28,{Artemida Byblikova},1,0,0,85,8,Ulishahs Oshus,Atmospheric Technician,50965,Miocard,Emanuel Parker,Roboticist,4,Kyky3782
435,49835,5412,Ambassadors of Discovery,4,344,1593,51,0,0,1205,30,0,0,0,0,0,0,0,0,0,0,0,28,2,73,48,{Danny Roby},1,0,0,136,5,Kakotika,Botanist,13920,GermanRUS,Alex Mochacha,Recycler,0,CodyZ2
436,49836,-3780,You're All Fired,0,46,0,7,0,132,361,42,0,0,0,0,0,0,0,0,0,0,0,3,0,12,9,"",0,0,0,23,0,Liam O'Shea,Chief Engineer,1450,Onikuru,Ivan Semenov,Chef,19,TrustMeImAClown
437,49837,-632,A Waste of Perfectly Good Oxygen,1,80,2313,7,0,13,850,6,0,0,0,0,0,0,0,0,0,0,0,26,11,54,47,{Jon Ers},0,0,0,39,26,Luke Roadman,Botanist,1117,Gaming Dog,Ray Wardle,Atmospheric Technician,45,malormorfin
438,49838,1331,Promotions for Everyone,8,46,2487,58,0,31,2117,11,0,0,0,0,1,0,0,0,0,0,0,28,4,70,41,{Jon Ers},0,0,0,124,31,Andrew Norman,Chemist,2040,Zero_IQ,Petr Metelsky,"",0,""
439,49839,6525,Ambassadors of Discovery,0,239,2730,40,0,0,264,4,0,0,0,0,0,0,0,0,0,0,0,14,1,28,17,"",1,0,0,63,0,Keegan Blessig,Botanist,18701,Krasilnickoffdima,"","",0,""
440,49840,5428,Ambassadors of Discovery,8,456,3452,55,0,0,1865,32,0,0,2,0,0,0,3,0,0,0,0,29,20,59,43,"",1,0,0,120,8,Kssa'ha Si'Krossh,Scientist,1720,AstyW,Leonid Smolniyy,Test Subject,0,""
441,49841,8786,Ambassadors of Discovery,1,0,3737,82,0,0,336,0,0,0,0,0,0,0,0,0,0,0,0,24,1,38,30,{Xander Morris},1,0,0,113,15,Rose Willow,Head of Security,1420,NinjaPikachushka,Mr.Honky,Clown,41,TheOrangeTim
442,49843,7429,Ambassadors of Discovery,12,9,5757,81,0,12,737,36,0,0,0,0,0,0,0,0,0,0,0,0,3,65,53,{Jon Ers},0,0,0,177,11,"","",0,"","","",0,""
443,49844,23,"Not Bad, but Not Good",0,0,2736,47,0,55,938,23,0,0,0,0,0,0,0,0,0,0,0,14,8,34,19,"",0,0,0,21,4,Morj'er Marash,Scientist,540,Dikkii931,Ruben Foster,Geneticist,7,JustChel
444,49851,1301,Promotions for Everyone,0,0,1555,53,0,32,384,0,0,0,0,0,0,0,0,0,0,0,0,0,2,16,12,"",0,0,0,7,2,"","",0,"","","",0,""
445,49853,2720,Promotions for Everyone,0,0,95,7,0,0,110,0,0,0,0,0,0,0,0,0,0,0,0,1,0,4,2,"",1,0,0,0,0,Brittany Ray,Research Director,500,Individuum135,"","",0,""
446,49854,2365,Promotions for Everyone,0,0,82,7,0,0,102,0,0,0,0,0,0,0,0,0,0,0,0,7,2,12,9,"",1,0,0,22,0,Jose Butterfill,Head of Personnel,1472,Peperspray,"","",0,""
447,49855,-131,Outclassed by Lab Monkeys,0,0,0,7,0,1,86,0,0,0,0,0,0,0,0,0,0,0,0,1,1,9,2,"",0,0,0,18,0,Joseph Dreyfus,Chief Medical Officer,1680,Carpo22,Joseph Dreyfus,Chief Medical Officer,21,Carpo22
448,49857,-5692,Singularity Fodder,0,190,281,36,0,20,688,9,0,0,0,0,1,0,0,0,0,0,0,0,23,34,22,{Ferdinand Bellerofont},0,0,0,19,1,"","",0,"","","",0,""
449,49858,2054,Promotions for Everyone,0,0,203,18,0,0,949,2,0,0,0,0,1,0,0,0,0,0,0,0,0,24,27,{Ferdinand Bellerofont},1,0,0,0,3,"","",0,"","","",0,""
450,49860,4275,Promotions for Everyone,0,0,556,42,0,0,166,0,0,0,0,0,0,0,0,0,0,0,0,5,0,12,7,{Alexander Sokolov},1,0,0,15,0,Otto Schulz,Head of Personnel,1500,Hans32,Alexander Sokolov,Captain,1,Duke of Orkney
451,49861,191,Skillful Servants of Science,0,8,2456,18,0,28,1523,15,0,0,0,0,0,0,0,0,0,0,0,39,5,72,56,"",0,0,1,54,14,Aurelianus Aquilimus,Botanist,5280,MrVeneficus,Shak'Ket Hessa,Psychiatrist,77,Stepansamp228pos
452,49862,5740,Ambassadors of Discovery,0,81,4436,45,0,14,127,9,0,0,0,0,0,0,0,0,0,0,0,15,0,24,21,"",0,0,0,20,0,Alex King,Shaft Miner,3480,Rombik,"","",0,""
453,49863,5341,Ambassadors of Discovery,15,82,3212,56,0,6,1128,105,0,0,0,0,0,0,0,0,0,0,0,41,4,82,60,"",0,0,0,321,13,Luke Roadman,Botanist,10998,Gaming Dog,Popeyg Khalil Ogly,Quartermaster,26,Fortunate Son
454,49869,3791,Promotions for Everyone,8,66,1496,55,0,1,666,55,0,0,0,0,0,0,0,0,0,0,0,26,1,52,36,{Kale Gibson},0,0,0,165,62,Kale Gibson,Captain,2100,Ke-nt0,Georg Selinof,Chef,14,Dojoan
455,49870,2700,Promotions for Everyone,0,0,0,7,0,0,35,0,0,0,0,0,0,0,0,0,0,0,0,1,0,1,2,"",1,0,0,1,0,Alexander Sokolov,Scientist,360,Duke of Orkney,"","",0,""
456,49871,-5175,Singularity Fodder,12,0,4061,17,0,0,4476,36,0,0,0,0,0,0,0,0,0,0,0,16,36,70,37,"",1,0,1,58,0,Hans Uberman,Xenobiologist,570,Vkjkfn,Morgan Lauffer,Chef,111,Golum1403
457,49872,-1197,You're All Fired,0,0,0,7,0,18,117,0,0,0,0,0,0,0,0,0,0,0,0,0,3,7,0,{Harvey Powers},0,0,0,14,0,"","",0,"","","",0,""
458,49874,6184,Ambassadors of Discovery,12,58,4734,58,0,2,358,84,0,0,0,0,0,0,0,0,0,0,0,0,5,40,24,{Gennady Whiteman},0,0,0,107,0,"","",0,"","","",0,""
459,49877,-1670,You're All Fired,0,1,0,7,0,49,166,1,0,0,0,0,0,0,0,0,0,0,0,0,1,7,0,"",0,0,0,6,0,"","",0,"","","",0,""
460,49878,8623,Ambassadors of Discovery,1,36,3805,82,0,0,623,34,0,0,0,0,0,0,0,0,0,0,0,8,0,25,10,{Rafael Sunders},1,0,0,61,0,Jeff Armeter,Research Director,2000,Mrfr0zen,Rafael Sunders,Captain,16,Colonist
461,49879,2829,Promotions for Everyone,0,0,411,7,0,0,67,0,0,0,0,0,0,0,0,0,0,0,0,1,1,8,2,{Pakon Rethur},1,0,0,4,1,Colton Moore,Xenoarchaeologist,1330,Robicod,Colton Moore,Xenoarchaeologist,28,Robicod
462,49881,4707,Promotions for Everyone,0,0,1849,7,0,0,117,23,0,0,0,0,0,0,0,0,0,0,0,6,0,9,7,"",1,0,0,21,7,Alex King,Chief Engineer,8450,Rombik,"","",0,""
463,49882,5586,Ambassadors of Discovery,1,7,1323,45,0,0,79,22,0,0,0,0,0,0,0,0,0,0,0,12,0,16,15,{Kane Thompson},1,0,0,23,0,Jose Butterfill,Head of Personnel,1448,Peperspray,Sivean Doulson,Shaft Miner,3,Sivean
464,49883,3619,Promotions for Everyone,7,64,3188,40,0,8,368,0,0,0,0,0,1,0,0,0,0,0,0,0,2,28,26,"",0,0,0,56,0,"","",0,"","","",0,""
465,49884,296,Best of a Good Bunch,0,0,1798,10,0,5,272,4,0,0,0,0,0,0,0,0,0,0,0,14,6,39,27,"",0,0,1,14,0,Jose Butterfill,Chief Medical Officer,750,Peperspray,Danny Roby,Shaft Miner,1,23as23as
466,49885,6164,Ambassadors of Discovery,3,0,1653,58,0,0,79,0,0,0,0,0,0,0,0,0,0,0,0,5,0,9,9,"",1,0,0,21,16,Colton Moore,Chief Engineer,1750,Robicod,Colton Moore,Chief Engineer,6,Robicod
467,49889,4399,Promotions for Everyone,0,662,1126,41,0,0,314,69,0,0,0,0,0,0,0,0,0,0,0,14,6,32,25,{Helforetti Richer},1,0,0,60,33,K'haran Jartani,Botanist,19990,Sheoleo,Noah Eckhardstein,Chef,32,2112g
468,49890,2369,Promotions for Everyone,5,618,4531,0,0,3,2100,7,0,1,0,0,0,0,1,0,0,0,5,30,7,79,54,{Keegan Hunt},0,0,0,195,15,Neya Brey,Medical Doctor,7062,Drondrik,Dominick Pycroft,Atmospheric Technician,21,Hwat1204
469,49891,454,Best of a Good Bunch,3,72,2232,58,0,132,165,22,0,0,0,0,0,0,0,0,0,0,0,28,2,44,33,{Gennady Whiteman},0,0,0,90,9,Anna Smith,Research Director,1700,Lazarev Vladimir,Anna Smith,Research Director,2,Lazarev Vladimir
470,49892,2614,Promotions for Everyone,1,13,2355,48,0,10,589,29,0,0,0,0,0,0,0,0,0,0,0,19,4,67,39,"",0,0,0,122,44,Steven Koolen,Chief Medical Officer,1000,WyrmP,GREAT HONKUS,Clown,88,""
471,49893,2654,Promotions for Everyone,0,85,0,7,0,0,216,35,0,0,0,0,0,0,0,0,0,0,0,6,1,9,6,"",1,0,0,90,24,Trey Noton,Head of Personnel,3450,Madpan133,Rusnya,"",1,Duke of Orkney
472,49894,-280,A Wretched Heap of Scum and Incompetence,2,9,136,7,0,7,100,5,0,0,0,0,1,0,0,0,0,0,0,0,1,26,26,{Gennady Whiteman},0,0,0,5,0,"","",0,"","","",0,""
473,49895,5064,Ambassadors of Discovery,0,133,2649,18,0,0,343,18,0,0,0,0,0,0,0,0,0,0,0,0,2,60,62,{Ferdinand Bellerofont},1,0,0,19,19,"","",0,"","","",0,""
474,49896,3662,Promotions for Everyone,4,31,2122,70,0,28,331,51,0,0,0,0,0,0,0,0,0,0,0,21,2,47,30,{Gennady Whiteman},0,0,0,75,13,Victor Blame,Security Officer,4310,D_vuar,Monte Roberts,"",8,Iygorsh
475,49898,4691,Promotions for Everyone,0,81,4485,13,0,1,345,2,0,0,0,0,1,0,0,0,0,508,0,14,0,29,17,{Arseniy Stewart},0,0,0,79,45,Monte Roberts,Chaplain,5750,Iygorsh,Genadiy Tesla,Station Engineer,22,Tankistkiller
476,49899,-2365,You're All Fired,0,3,1940,60,0,117,1023,5,0,0,0,0,0,0,5,0,0,0,0,16,13,53,42,"",0,0,0,18,2,Nikolas Marcotte,Shaft Miner,1860,FaSy,Hatika,Paramedic,35,Zero Inside
477,49900,2485,Promotions for Everyone,1,1,0,7,0,0,101,0,0,0,0,0,0,0,0,0,0,0,0,2,1,9,3,"",1,0,0,54,34,Mark Murkenliebe,Detective,1755,Frohe_Ostern,"","",0,""
478,49901,-3432,You're All Fired,1,44,2165,39,0,6,1791,48,0,0,0,0,0,0,0,0,0,172,0,4,21,66,32,{Gmyza James},0,0,0,48,23,Hasitihika,Xenobiologist,550,Vysserath,"","",0,""
479,49902,2261,Promotions for Everyone,0,0,394,7,0,0,93,0,0,0,0,0,0,0,0,0,0,0,0,0,3,12,5,"",1,0,0,1,0,Anna Smith,Research Director,250,"","","",0,""
480,49903,-1978,You're All Fired,20,57,4044,38,0,74,3159,47,0,0,0,0,0,0,0,0,0,0,0,7,15,51,12,{Takbir Abbas},0,0,0,103,28,Takbir Abbas,Captain,2325,Antonkomissar_UA,Patrick Kimball,Security Officer,9,Gon501
481,49904,3083,Promotions for Everyone,2,1,3831,45,0,41,269,0,0,0,0,0,0,0,0,0,0,0,0,0,3,10,0,"",0,0,0,33,0,"","",0,"","","",0,""
482,49906,822,Lean Mean Machine Thirteen,7,9,697,57,0,8,864,37,0,0,0,0,0,0,0,0,0,0,0,2,5,22,4,"",0,0,0,83,0,Issa Messa,Paramedic,4425,DarkFurrSss,"","",0,""
483,49908,2330,Promotions for Everyone,0,0,0,7,0,0,130,0,0,0,0,0,0,0,0,0,0,0,0,0,1,2,2,"",1,0,0,0,1,"","",0,"","","",0,""
484,49910,-1140,You're All Fired,0,0,0,7,0,8,385,0,0,0,0,0,0,0,0,0,0,0,0,1,3,6,1,"",0,0,0,14,25,Gelon Torn,Scientist,1899,Bodya Dent,"","",0,""
485,49911,2604,Promotions for Everyone,0,26,70,7,0,0,327,50,0,0,0,0,0,0,0,0,0,0,0,5,1,20,13,"",1,0,0,48,0,Sal Lord,Scientist,1185,KNoT94,Ruben Foster,Station Engineer,1,JustChel
486,49912,7631,Ambassadors of Discovery,5,76,1946,81,0,0,216,9,0,0,0,0,0,0,0,0,0,0,0,19,0,30,29,"",1,0,0,76,15,Jack Polson,Botanist,2780,Kaslo,Seymour Briggs,Test Subject,48,Kraken35436
487,49913,-1972,You're All Fired,0,0,0,7,0,37,72,0,0,0,0,0,0,0,0,0,0,0,0,0,4,4,0,{Alexander Sokolov},0,0,0,25,0,"","",0,"","","",0,""
488,49914,41,"Not Bad, but Not Good",0,0,50,7,0,9,99,0,0,0,0,0,0,0,0,0,0,0,0,6,0,9,10,{Helforetti Richer},0,0,0,4,68,Helforetti Richer,Captain,900,Salvador_RU,"","",0,""
489,49915,-16309,Singularity Fodder,0,86,769,12,0,25,774,0,0,0,0,0,1,0,4,0,1,0,0,0,26,36,0,{Lim Al-Kuds},0,0,1,25,16,"","",0,"","","",0,""
490,49916,3251,Promotions for Everyone,0,36,340,7,0,0,165,71,0,0,0,0,0,0,0,0,0,0,0,9,1,17,11,{Helforetti Richer},1,0,0,88,40,Joseph Dreyfus,Chief Medical Officer,1720,Carpo22,"","",0,""
491,49917,767,Lean Mean Machine Thirteen,1,0,681,13,0,1,99,0,0,0,0,0,1,0,0,0,0,0,0,0,0,23,26,{Marcus Heisenberg},0,0,0,1,0,"","",0,"","","",0,""
492,49918,4941,Promotions for Everyone,4,37,2898,63,0,2,674,35,0,0,0,0,0,0,0,0,0,0,0,25,1,58,46,{Marcus Heisenberg},0,0,0,172,139,Sarah Venta,Chief Medical Officer,9469,YellowDuckk,Trevor Wile,Technical Assistant,51,KodMoro
493,49919,4117,Promotions for Everyone,10,19,344,7,0,0,206,45,0,0,0,0,0,0,0,0,0,0,0,11,0,21,17,{Gennady Whiteman},1,0,0,55,0,Darren Gregory,"",1330,Reallyman231,Ruben Foster,Security Officer,18,JustChel
494,49920,-3468,You're All Fired,0,248,3441,45,0,3,2502,37,0,0,0,0,0,0,0,0,0,0,0,6,25,82,30,{Deni Rise},0,0,0,104,62,Danny Moon,Librarian,2140,DED_MARAZM,Nick Fox,Technical Assistant,146,""
495,49921,407,Best of a Good Bunch,3,0,0,7,0,1,98,0,0,0,0,0,0,0,0,0,0,0,0,4,0,9,6,{Helforetti Richer},0,0,0,24,0,Gleb Sobachkin,Recycler,1215,OrbDogg,"","",0,""
496,49922,3284,Promotions for Everyone,0,101,3051,30,0,6,483,79,0,0,0,0,1,0,0,0,0,0,0,0,1,27,14,{Gennady Whiteman},0,0,0,90,54,"","",0,"","","",0,""
497,49925,3036,Promotions for Everyone,0,0,1096,7,0,0,80,12,0,0,0,0,1,0,0,0,0,0,0,0,2,18,19,"",1,0,0,1,0,"","",0,"","","",0,""
498,49926,3888,Promotions for Everyone,14,27,1589,28,0,0,498,61,0,0,0,0,0,0,0,0,0,0,0,3,8,45,10,"",1,0,0,106,0,Xander Morris,Chief Engineer,1425,Vipo24,Colton Moore,Xenoarchaeologist,20,Robicod
499,49927,6090,Ambassadors of Discovery,4,1,1806,61,0,0,317,10,0,0,0,0,1,0,0,0,0,0,0,37,3,65,56,"",1,0,0,36,41,Randy Best,Test Subject,8100,Iygorsh,M'ark M'rshan,Scientist,9,Morkleb
500,49929,-5877,Singularity Fodder,4,20,3200,7,0,36,3562,42,0,0,0,0,1,0,0,0,0,394,0,3,20,64,34,"",0,0,0,33,0,Robert Liech,Head of Personnel,480,Blamburg,"","",0,""
501,49930,6056,Ambassadors of Discovery,0,140,1129,82,0,0,193,4,0,0,0,0,0,0,0,0,0,0,0,10,1,27,11,"",1,0,0,107,0,Adam Baklazhanov,Botanist,12566,Hohol2007,"","",0,""
502,49931,-13218,Singularity Fodder,8,72,2596,56,0,0,1961,59,0,0,0,0,1,0,11,0,1,0,0,0,46,61,2,"",1,0,0,102,32,"","",0,"","","",0,""
503,49935,2530,Promotions for Everyone,3,62,4149,9,0,2,1711,54,0,0,0,0,0,0,0,0,0,0,0,23,5,59,38,{Patrick Kimball},0,0,0,154,18,Patrick Kimball,Captain,1800,Gon501,Flick Welty,Botanist,46,CptEchidna
504,49936,-386,A Wretched Heap of Scum and Incompetence,0,0,0,18,0,7,216,0,0,0,0,0,0,0,0,0,0,0,0,0,2,7,2,"",0,0,0,40,13,"","",0,"","","",0,""
505,49937,2935,Promotions for Everyone,3,45,4478,7,0,5,568,4,0,0,0,0,0,0,0,0,0,377,0,7,5,30,10,"",0,0,1,99,170,Albina Steinau,Chief Medical Officer,2410,M1sery,"","",0,""
506,49940,-489,A Wretched Heap of Scum and Incompetence,0,27,0,7,0,11,356,17,0,0,0,0,0,0,0,0,0,0,0,5,1,12,6,"",0,0,0,24,0,Issa Messa,Paramedic,1725,DarkFurrSss,Jose Butterfill,Head of Personnel,51,Peperspray
507,49943,241,Skillful Servants of Science,0,1,0,53,0,34,80,0,0,0,0,0,0,0,0,0,0,0,0,0,1,3,1,{Alan Aldridge},0,0,0,0,0,"","",0,"","","",0,""
508,49944,-3357,You're All Fired,0,0,85,7,0,120,52,0,0,0,0,0,0,0,0,0,0,0,0,0,0,3,0,"",0,0,0,0,0,"","",0,"","","",0,""
509,49945,4410,Promotions for Everyone,2,24,5,50,0,0,294,25,0,0,0,0,0,0,0,0,0,0,0,16,0,21,21,"",1,0,0,49,6,Ruben Foster,Scientist,1260,JustChel,Karlos Lopes,Botanist,8,Dojoan
510,49946,2181,Promotions for Everyone,0,0,0,7,0,0,29,0,0,0,0,0,0,0,0,0,0,0,0,0,2,2,1,"",1,0,0,0,0,"","",0,"","","",0,""
511,49947,-406,A Wretched Heap of Scum and Incompetence,0,48,292,12,0,1,511,47,0,0,0,0,0,0,0,0,0,0,0,8,4,27,17,"",0,0,0,60,2,Steven Koolen,Medical Doctor,9320,WyrmP,"","",0,""
512,49948,3998,Promotions for Everyone,2,0,1166,7,0,0,78,0,0,0,0,0,0,0,0,0,0,0,0,2,0,6,3,"",1,0,0,17,0,Gatatikikichakiya,Atmospheric Technician,1585,FaH3uJIb,"","",0,""
513,49950,2758,Promotions for Everyone,5,42,3648,69,0,0,3522,29,0,0,0,0,1,0,0,0,0,1035,0,0,9,61,30,"",1,0,0,128,64,"","",0,"","","",0,""
514,49951,3897,Promotions for Everyone,6,146,593,7,0,0,177,0,0,0,0,0,0,0,0,0,0,0,0,7,0,11,11,"",1,0,0,28,0,Colton Moore,Xenoarchaeologist,1125,Robicod,"","",0,""
515,49954,6751,Ambassadors of Discovery,9,8,3043,29,0,0,155,7,0,0,0,0,0,0,0,0,0,0,0,11,2,24,17,"",1,0,0,55,0,Buddy Begbie Jr.,Test Subject,3801,Barzabelle,Jaxon Buttersworth,Station Engineer,20,EvilShift
516,49956,2065,Promotions for Everyone,0,0,0,7,0,0,645,0,0,0,0,0,0,0,0,0,0,0,0,0,0,1,1,"",1,0,0,0,0,"","",0,"","","",0,""
517,49957,3634,Promotions for Everyone,3,29,4521,57,0,5,1086,42,0,0,0,0,0,0,0,0,0,0,0,27,10,79,47,{Rafael Sunders},0,0,0,225,132,Reuben Hunt,Head of Security,1500,AAAASH,Dorothy Curry,Atmospheric Technician,9,Sokolisk
518,49958,2658,Promotions for Everyone,0,0,0,7,0,0,52,0,0,0,0,0,0,0,0,0,0,0,0,0,0,5,4,"",1,0,0,0,0,"","",0,"","","",0,""
519,49959,-3603,You're All Fired,1,0,598,10,0,21,1471,0,0,0,0,0,0,0,0,0,0,0,0,1,10,17,4,"",0,0,0,6,20,"","",0,"","","",0,""
520,49961,7597,Ambassadors of Discovery,19,75,5485,60,0,2,1298,34,0,0,0,0,0,0,0,0,0,0,2,30,3,79,53,"",0,0,0,234,54,Tyler Dean,Chaplain,12170,David123321,GREAT HONKUS,Clown,105,MrVeneficus
521,49962,2978,Promotions for Everyone,0,101,0,7,0,0,73,18,0,0,0,0,0,0,0,0,0,0,0,6,0,11,6,"",1,0,0,53,0,Juan Williis,Test Subject,5815,Moonlight7,Scott Woosh,Security Officer,3,I10I
522,49965,1361,Promotions for Everyone,0,68,2076,7,0,2,438,21,0,0,0,0,0,0,0,0,0,0,0,16,4,44,24,"",0,0,0,82,4,Scott Woosh,"",1000,"",Diego Lester,Station Engineer,22,HumanMoron
523,49966,2325,Promotions for Everyone,4,0,0,7,0,0,235,0,0,0,0,0,0,0,0,0,0,0,0,2,2,9,2,{Karlos Lopes},1,0,0,32,0,Gelon Torn,Station Engineer,2740,Bodya Dent,"","",0,""
524,49968,4108,Promotions for Everyone,3,12,3656,40,0,1,620,33,0,0,0,0,0,0,0,0,0,0,0,10,3,35,16,"",0,0,0,62,0,Emilia Wong,Detective,1165,DCAkitan,Emilia Wong,Detective,22,DCAkitan
525,49970,-104,Outclassed by Lab Monkeys,0,42,575,7,0,18,256,18,0,0,0,0,0,0,0,0,0,0,0,1,1,13,1,{Cassian Winton},0,0,0,27,0,Gatatikikichakiya,Atmospheric Technician,480,FaH3uJIb,"","",0,""
526,49971,-10987,Singularity Fodder,3,0,917,7,0,54,4084,3,0,0,0,0,0,0,0,0,0,0,0,4,27,38,10,{Titana Katon},0,0,0,9,23,Osoaviakhim,Chaplain,160,QWxiZX,"","",0,""
527,49972,-853,A Waste of Perfectly Good Oxygen,14,0,234,53,0,131,187,23,0,0,0,0,0,0,0,0,0,0,0,11,0,30,14,{Benedict Santiago},0,0,0,95,84,Benedict Santiago,Captain,2652,GAGexe,"","",0,""
528,49974,2756,Promotions for Everyone,0,1,50,7,0,0,80,0,0,0,0,0,0,0,0,0,0,0,0,3,0,7,6,{Vincent Rahl},1,0,0,17,0,Luke Roadman,Botanist,276,Gaming Dog,"","",0,""
529,49976,1636,Promotions for Everyone,0,22,476,42,0,2,282,9,0,0,0,0,0,0,0,0,0,0,0,7,0,16,11,"",0,0,0,15,1,Tom Kazansky,Station Engineer,761,TalDaRim,Pakon Rethur,Chaplain,3,OziEs
530,49980,1204,Promotions for Everyone,0,0,0,44,0,3,51,0,0,0,0,0,0,0,0,0,0,0,0,1,0,5,2,{Karlos Lopes},0,0,0,0,0,Trey Noton,Chaplain,200,Madpan133,"","",0,""
531,49982,2816,Promotions for Everyone,0,0,146,7,0,0,115,0,0,0,0,0,0,0,0,0,0,0,0,3,0,4,4,"",1,0,0,4,0,Colton Moore,Scientist,1380,Robicod,"","",0,""
532,49983,2674,Promotions for Everyone,0,739,1621,7,0,2,321,67,0,0,0,0,0,0,0,0,0,0,0,26,2,37,31,{Isaiah Vader},0,0,0,127,0,Isaiah Vader,Captain,1800,Maleyvich,Tom Kazansky,Station Engineer,24,TalDaRim
533,49984,7045,Ambassadors of Discovery,0,9,3157,43,0,0,141,6,0,0,0,0,0,0,0,0,0,0,0,8,0,17,17,"",1,0,0,37,72,Amelia Voods,Head of Security,2234,Carpo22,"","",0,""
534,49986,2040,Promotions for Everyone,0,0,993,51,0,2,173,0,0,0,0,0,1,0,0,0,0,0,0,0,0,17,21,"",0,0,0,4,0,"","",0,"","","",0,""
535,49988,2690,Promotions for Everyone,3,6,3252,62,0,1,668,9,0,0,0,0,0,0,0,0,0,0,0,0,8,39,21,"",0,0,0,58,0,"","",0,"","","",0,""
536,49989,-889,A Waste of Perfectly Good Oxygen,2,0,0,7,0,34,114,12,0,0,0,0,0,0,0,0,0,0,0,3,1,7,5,{Pakon Rethur},0,0,0,19,71,Gatatikikichakiya,Detective,900,FaH3uJIb,Candy,Clown,30,Krasilnickoffdima
537,49991,9427,Ambassadors of Discovery,0,23,5119,61,0,0,455,8,0,0,0,0,0,0,0,0,0,217,0,15,0,36,21,"",1,0,0,95,36,Colton Moore,Xenoarchaeologist,7230,Robicod,Ni'rr Mo'orrishi,Shaft Miner,3,D_vuar
538,49992,174,Skillful Servants of Science,2,9,0,7,0,5,120,0,0,0,0,0,0,0,0,0,0,0,0,3,0,7,3,{Helforetti Richer},0,0,0,28,39,Helforetti Richer,Captain,1562,Salvador_RU,Zane Sidower,Chaplain,20,OziEs
539,49993,6326,Ambassadors of Discovery,6,88,2576,65,0,0,778,43,0,0,0,0,0,0,5,0,0,0,0,13,9,56,44,{Caiden Howard},1,0,0,76,9,Jayda Stroble,Scientist,715,LiJard,Alisa Don,Psychiatrist,83,Deyneristarg
540,49994,3763,Promotions for Everyone,0,4,2790,44,0,0,386,7,0,0,0,0,0,0,0,0,0,0,0,0,10,41,22,{Gennady Whiteman},1,0,0,37,23,"","",0,"","","",0,""
541,49995,5269,Ambassadors of Discovery,5,38,5872,63,0,3,2171,91,0,0,0,0,0,0,0,0,0,0,0,26,7,78,50,{Aden Sloan},0,0,0,211,46,Emilia Wong,Bartender,7140,DCAkitan,Ben Vorg,Security Cadet,21,Foxlate
542,49996,13,Ambivalently Average,0,40,0,7,0,1,197,28,0,0,0,0,0,0,0,0,0,0,0,4,1,11,4,{Helforetti Richer},0,0,0,58,98,Helforetti Richer,Captain,2795,Salvador_RU,"","",0,""
543,49997,2281,Promotions for Everyone,0,17,2249,11,0,2,275,14,0,0,0,0,0,0,0,0,0,0,0,28,2,51,38,{Gennady Whiteman},0,0,1,70,1,Gray,Research Director,1000,Aktano,Alex Bennett,Station Engineer,53,Edward459
544,49998,8587,Ambassadors of Discovery,13,11,2918,60,0,0,687,4,0,0,0,0,0,0,5,0,0,0,0,42,5,64,53,"",1,0,0,64,28,Hatika,Shaft Miner,1240,Zero Inside,Alisa Don,Xenobiologist,176,Deyneristarg
545,50001,3238,Promotions for Everyone,0,424,0,7,0,0,76,21,0,0,0,0,0,0,0,0,0,0,0,3,0,6,4,"",1,0,0,29,0,Jo Jo,Clown,180,Tankistkiller,"","",0,""
546,50002,4443,Promotions for Everyone,6,21,1681,47,0,0,319,20,0,0,0,0,0,0,0,0,0,0,0,4,5,34,8,{Gennady Whiteman},1,0,1,63,60,Liam O'Shea,Chief Medical Officer,1720,Onikuru,Jacket Redwood,Medical Intern,153,Ebuldiga
547,50003,4758,Promotions for Everyone,0,3,1452,81,0,0,1172,39,0,0,0,0,0,0,0,0,0,0,0,14,4,59,40,{Arleen Morris},1,0,0,116,35,Arleen Morris,Captain,1770,StepanZZZ,Mysok Hawkins,Security Cadet,15,VVedL
548,50004,2286,Promotions for Everyone,1,0,0,7,0,0,274,0,0,0,0,0,0,0,0,0,0,0,0,1,1,9,3,{Fyodor Yamkin},1,0,0,6,0,Juan Williis,Recycler,105,Moonlight7,"","",0,""
549,50007,-171,Outclassed by Lab Monkeys,0,194,52,7,0,2,642,0,0,0,0,0,0,0,0,0,0,0,0,3,0,15,7,"",0,0,0,30,0,Titana Katon,Chief Medical Officer,1000,Antonkomissar_UA,Brady Bould,Botanist,1,EvilShift
550,50008,7751,Ambassadors of Discovery,0,64,3444,62,0,0,282,3,0,0,0,0,0,0,0,0,0,0,0,6,0,22,14,"",1,0,0,35,0,Ruben Foster,Shaft Miner,3480,JustChel,Dragan Sheshel,Botanist,11,Ukline
551,50009,2683,Promotions for Everyone,0,11,25,7,0,0,158,14,0,0,0,0,0,0,0,0,0,0,0,1,0,11,7,"{Yakov Skiewski,Helforetti Richer}",1,0,0,17,0,Trent Kiefer,Paramedic,480,Solaridze,"","",0,""
552,50010,1955,Promotions for Everyone,3,120,1890,7,0,4,465,14,0,0,0,0,1,0,0,0,0,0,0,11,0,27,24,"",0,0,0,35,0,Elige Kamsky,Head of Personnel,1000,Artem33153,Elige Kamsky,Head of Personnel,18,Artem33153
553,50011,290,Best of a Good Bunch,0,75,606,7,0,7,146,1,0,0,0,0,1,0,0,0,0,0,0,0,0,24,30,"",0,0,0,35,19,"","",0,"","","",0,""
554,50014,7759,Ambassadors of Discovery,8,150,5101,87,0,1,782,47,0,0,0,0,1,0,0,0,0,0,0,35,3,90,52,{Adam Sommer},0,0,0,190,19,Johnathan Armstrong,Chief Engineer,2000,PeTp0,Ben Vorg,Security Cadet,24,Foxlate
555,50016,5486,Ambassadors of Discovery,1,89,2610,34,0,0,588,16,0,0,0,0,0,0,0,0,0,0,0,18,3,48,29,"",1,0,0,138,28,Alan Ward,Research Director,1450,NikMaestro,Karlos Lopes,Station Engineer,23,Dojoan
556,50020,195,Skillful Servants of Science,0,0,0,7,0,1,120,2,0,0,0,0,0,0,0,0,0,0,0,5,0,8,5,"",0,0,0,24,0,Ruben Foster,Station Engineer,1075,JustChel,"","",0,""
557,50034,4847,Promotions for Everyone,0,211,1063,50,0,0,362,22,0,0,0,0,0,0,0,0,0,0,0,3,1,24,12,{Jhin Handa},1,0,0,77,0,Ulishahs Oshus,Atmospheric Technician,965,Miocard,"","",0,""
558,50036,2453,Promotions for Everyone,0,0,90,7,0,0,97,0,0,0,0,0,0,0,0,0,0,0,0,0,1,3,1,{Elige Kamsky},1,0,0,0,0,"","",0,"","","",0,""
559,50037,3130,Promotions for Everyone,1,14,270,7,0,0,174,2,0,0,0,0,0,0,0,0,0,0,0,9,0,14,11,"",1,0,0,70,0,Kane Thompson,Test Subject,2465,OlderMan,Sal Lord,Scientist,2,KNoT94
560,50038,6471,Ambassadors of Discovery,2,14,1892,62,0,0,280,7,0,0,0,0,0,0,0,0,0,0,0,12,0,30,22,{Myron Demetrios},1,0,0,73,0,Luke Roadman,Xenobiologist,1315,Gaming Dog,"","",0,""
561,50039,37,"Not Bad, but Not Good",0,0,574,7,0,25,452,1,0,0,0,0,0,0,0,0,0,0,0,18,0,29,22,"",0,0,0,41,3,Oscar Pritchard,Station Engineer,1820,AlexNomo,Tamsin Winton,Security Officer,14,Shahmatist
562,50040,-10862,Singularity Fodder,2,0,355,7,0,66,862,3,0,0,0,0,2,0,0,0,0,0,0,0,33,44,11,{Ilya Yakovlev},0,0,0,10,0,"","",0,"","","",0,""
563,50042,5818,Ambassadors of Discovery,9,115,5198,55,0,9,1010,102,0,0,0,0,1,0,0,0,0,0,0,18,5,74,45,{Ilya Yakovlev},0,0,0,177,32,Juliane May,Detective,1359,DCAkitan,Juliane May,Detective,87,DCAkitan
564,50044,-321,A Wretched Heap of Scum and Incompetence,12,188,1527,33,0,2,346,76,0,0,0,0,1,0,0,0,0,0,0,4,14,65,19,{Fin MacDucke},0,0,1,82,21,Noelle Sandford,Medical Doctor,930,HopelessSoul,Mr.OldHonkus,Clown,23,""
565,50046,-689,A Waste of Perfectly Good Oxygen,8,11,3097,47,0,35,2057,55,0,0,0,0,1,0,0,0,0,1206,0,11,12,72,36,{Jhin Handa},0,0,0,132,14,Deimfords Kendesand,Head of Security,1215,Simbaka,Toby Bush,Psychiatrist,52,ToBy_BoN
566,50047,327,Best of a Good Bunch,0,35,0,7,0,1,223,42,0,0,0,0,0,0,0,0,0,0,0,5,0,12,6,{Helforetti Richer},0,0,0,41,0,Helforetti Richer,Captain,1750,Salvador_RU,"","",0,""
567,50051,2750,Promotions for Everyone,4,0,0,7,0,0,35,0,0,0,0,0,0,0,0,0,0,0,0,1,1,6,2,{Trey Noton},1,0,0,24,0,Gleb Sobachkin,Test Subject,4735,OrbDogg,"","",0,""
568,50053,-6360,Singularity Fodder,43,0,3453,0,0,10,2638,30,0,0,0,0,2,0,0,0,0,0,0,0,38,65,33,{Mark McCarthy},0,0,1,73,0,"","",0,"","","",0,""
569,50054,-9811,Singularity Fodder,18,40,1680,49,0,9,2651,64,0,0,0,0,6,0,0,0,0,0,0,10,42,70,25,{Jhin Handa},0,0,0,90,22,Aramsha Jarmack,Janitor,1020,Chikart,Juliane May,Security Officer,17,DCAkitan
570,50057,9625,Ambassadors of Discovery,4,163,4540,87,0,0,633,29,0,1,0,0,0,0,2,0,0,0,1,20,4,59,31,{Jhin Handa},1,0,0,252,0,Hatika,Paramedic,7150,Zero Inside,Rathen Hell,Shaft Miner,29,""
571,50060,4771,Promotions for Everyone,1,24,861,57,0,0,199,25,0,0,0,0,0,0,0,0,0,0,0,7,2,22,9,{Jhin Handa},1,0,0,69,0,Zoya Mahovsky,Cargo Technician,3927,Miocard,Korvo Forpean,Station Engineer,1,GAGexe
572,50061,-3475,You're All Fired,0,3,130,7,0,116,113,0,0,0,0,0,0,0,0,0,0,0,0,1,1,4,3,"",0,0,0,9,0,Luke Roadman,Xenobiologist,1520,Gaming Dog,"","",0,""
573,50062,-465,A Wretched Heap of Scum and Incompetence,0,0,40,7,0,24,95,0,0,0,0,0,0,0,0,0,0,0,0,4,0,4,4,"",0,0,0,4,0,Luke Roadman,Xenobiologist,1380,Gaming Dog,Issa Messa,"",1,DarkFurrSss
574,50063,4301,Promotions for Everyone,7,0,957,7,0,0,116,5,0,0,0,0,0,0,0,0,0,0,0,8,0,17,13,"",1,0,0,93,0,Isaiah Seidner,Medical Doctor,1060,NoNaMe212,Isaiah Seidner,Medical Doctor,4,NoNaMe212
575,50064,2280,Promotions for Everyone,10,75,1259,7,0,11,314,6,0,0,0,0,0,0,0,0,0,0,0,24,0,38,30,"",0,0,0,93,51,Raymond Mingle,Botanist,3246,Denuccaa,Camron Sommer,Head of Personnel,25,Katahan
576,50065,-1670,You're All Fired,13,445,2052,78,0,8,2882,53,0,0,0,0,1,0,0,0,0,580,0,5,18,66,26,{Keegan Hunt},0,0,0,134,16,Artemida Byblikova,Scientist,1080,HE_APTEM,M'ark M'rshan,"",20,morkleb
577,50068,5028,Ambassadors of Discovery,7,329,6111,59,0,5,2082,55,0,0,0,0,0,0,0,0,0,0,0,0,7,68,49,{Rylan Wardle},0,0,0,155,13,"","",0,"","","",0,""
578,50083,5943,Ambassadors of Discovery,1,1,1894,56,0,0,697,18,0,0,0,0,0,0,0,0,0,0,0,16,0,28,20,{Isaac Fletcher},1,0,0,99,40,Loreto Bunten,"",3452,TheOrangeTim,Leonard Sholl,Clown,25,FaSy
579,50085,-1158,You're All Fired,0,0,70,7,0,46,158,0,0,0,0,0,0,0,0,0,0,0,0,4,0,12,6,"",0,0,0,7,0,Hans Uberman,Security Officer,705,Vkjkfn,"","",0,""
580,50086,2410,Promotions for Everyone,0,9,0,7,0,0,334,20,0,0,0,0,0,0,0,0,0,0,0,7,1,18,13,"",1,0,0,95,133,Lion Remark,Chemist,1275,Alekspeshkov,Mason Poisoner,Test Subject,11,Mason Poisoner
581,50088,-4,Not So Good,0,0,1115,17,0,12,519,0,0,0,0,0,1,0,0,0,0,0,0,0,2,28,32,"",0,0,0,9,1,"","",0,"","","",0,""
582,50093,-497,A Wretched Heap of Scum and Incompetence,1,11,0,7,0,9,348,0,0,0,0,0,0,0,0,0,0,0,0,3,1,9,4,{Ernest Butusov},0,0,0,28,1,Ernest Butusov,Captain,600,Barzabelle,"","",0,""
583,50096,-20295,Singularity Fodder,4,0,200,7,0,2,960,3,0,0,0,0,1,0,2,0,1,0,0,0,41,50,0,"",0,0,0,67,6,"","",0,"","","",0,""
584,50098,6911,Ambassadors of Discovery,3,0,4932,64,0,1,478,39,0,0,0,0,1,0,0,0,0,0,0,36,2,72,57,"",0,0,0,167,10,Jimmi Homat,Research Director,1250,Skavy,Egor Komarov,Medical Intern,124,Egor Komar
585,50104,-989,A Waste of Perfectly Good Oxygen,2,250,0,7,0,39,189,42,0,0,0,0,0,0,0,0,0,0,0,2,1,13,5,"",0,0,1,77,0,Thomas Metzer,Station Engineer,1450,Hanh02,"","",0,""
586,50105,-2376,You're All Fired,8,28,825,24,0,13,919,27,0,0,0,0,1,0,0,0,0,0,0,5,13,72,25,"",0,0,0,113,18,Cassian Winton,Chief Medical Officer,750,Kandrey,"","",0,""
587,50109,-104,Outclassed by Lab Monkeys,0,0,584,51,0,25,468,0,0,0,0,0,0,0,0,0,0,0,0,0,4,22,14,{Evgeniy Barabulka},0,0,0,15,0,"","",0,"","","",0,""
588,50110,3531,Promotions for Everyone,1,0,134,55,0,0,218,3,0,0,0,0,0,0,0,0,0,0,0,5,3,21,11,"",1,0,0,59,70,Flick Welty,"",1065,CptEchidna,Curly Mens,Medical Doctor,20,Arygal
589,50112,3022,Promotions for Everyone,1,0,2015,7,0,0,343,3,0,0,0,0,0,0,0,0,0,0,0,2,6,17,4,"",1,0,0,54,0,Luke Roadman,Xenobiologist,2087,Gaming Dog,Luke Roadman,Xenobiologist,1,Gaming Dog
590,50113,3368,Promotions for Everyone,0,0,80,20,0,0,152,23,0,0,0,0,0,0,0,0,0,0,0,9,0,20,14,{Hugo Richter},1,0,0,57,22,Luke Roadman,Xenobiologist,1140,Gaming Dog,Horatio Highjack,Head of Personnel,21,SergalCute
591,50117,-5273,Singularity Fodder,3,10,1449,7,0,13,582,11,0,0,0,0,1,0,0,0,0,0,0,0,24,33,14,"",0,0,0,14,25,"","",0,"","","",0,""
592,50120,230,Skillful Servants of Science,4,138,2320,33,0,1,563,10,0,0,0,0,0,0,0,0,0,0,0,11,13,43,35,"",0,0,0,16,9,Ezra Woodward,Chief Engineer,500,Gosha_2003,"","",0,""
593,50123,-7462,Singularity Fodder,28,0,2609,0,0,27,1636,5,0,0,0,0,1,0,0,0,0,0,0,0,38,65,47,{Dominick Addison},0,0,0,36,31,"","",0,"","","",0,""
594,50125,-908,A Waste of Perfectly Good Oxygen,0,10,0,7,0,35,228,15,0,0,0,0,0,0,0,0,0,0,0,3,0,8,5,"",0,0,0,22,0,Teagan Mason,Medical Doctor,1280,0_Ghost_0,"","",0,""
595,50129,-2893,You're All Fired,0,16,769,21,0,3,1233,3,0,0,0,0,1,0,0,0,0,0,0,0,11,58,38,"",0,0,0,2,12,"","",0,"","","",0,""
596,50130,1058,Promotions for Everyone,5,219,2286,55,0,43,1427,59,0,0,0,0,1,0,0,0,0,77,0,18,5,82,34,"{Rory Brereton,Mykola Temnenko}",0,0,0,227,26,Flick Welty,Quartermaster,999960,CptEchidna,Edwin Teagarden,Security Officer,94,11Kobra11
597,50132,-513,A Waste of Perfectly Good Oxygen,0,0,0,7,0,25,73,15,0,0,0,0,0,0,0,0,0,0,0,1,0,2,1,"",0,0,0,30,0,Melony Campbell,Research Director,1692,Madpan133,Melony Campbell,Research Director,60,Madpan133
598,50133,908,Lean Mean Machine Thirteen,0,68,869,60,0,2,824,11,0,0,0,0,1,0,0,0,0,0,0,0,3,41,23,"",0,0,0,85,21,"","",0,"","","",0,""
599,50139,-730,A Waste of Perfectly Good Oxygen,0,0,218,7,0,36,103,5,0,0,0,0,0,0,0,0,1,0,0,0,0,1,0,"",0,0,0,2,0,"","",0,"","","",0,""
600,50141,-904,A Waste of Perfectly Good Oxygen,0,0,0,7,0,1,134,0,0,0,0,0,0,0,0,0,0,0,0,2,4,11,3,"",0,0,0,17,0,Kane Ayron,Technical Assistant,324,Sleak88,"","",0,""
601,50143,287,Best of a Good Bunch,1,0,0,21,0,3,418,3,0,0,0,0,0,0,0,0,0,0,0,3,0,13,13,"",0,0,0,27,43,Liam O'Shea,Research Director,1655,Onikuru,"","",0,""
602,50144,2625,Promotions for Everyone,0,0,0,7,0,0,85,0,0,0,0,0,0,0,0,0,0,0,0,0,0,1,1,"",1,0,0,0,0,"","",0,"","","",0,""
603,50145,-5563,Singularity Fodder,3,0,1951,7,0,131,424,1,0,0,0,0,0,0,0,0,0,0,0,6,15,35,13,{Russell Lauffer},0,0,0,49,78,Steven Anderson,Chief Engineer,1250,Azzy.Dreemurr,"","",0,""
604,50146,-3911,You're All Fired,1,22,25,7,0,110,1098,11,0,0,0,0,0,0,0,0,0,0,0,4,0,7,5,{Jayce Snyder},0,0,0,1,0,Jayce Snyder,Captain,900,Kalter228dead,"","",0,""
605,50147,5291,Ambassadors of Discovery,31,592,1419,41,0,0,620,14,0,0,0,0,0,0,0,0,0,0,0,21,11,69,35,{Russell Lauffer},1,0,0,168,250,Zed Murray,Security Officer,4619,Pioneer1024,Ceasar Wood,Recycler,35,TheMountainFox
606,50153,7271,Ambassadors of Discovery,1,1278,4967,76,0,7,749,81,0,0,0,0,0,0,0,0,0,0,0,29,6,79,52,{Tinara Nero},0,0,0,220,279,Tinara Nero,Captain,1665,HaosHay,Semen Jei Prolabsow,Bartender,79,Blacksad1994
607,50154,1300,Promotions for Everyone,1,242,565,49,0,1,487,13,0,0,0,0,0,0,0,0,0,0,0,16,4,46,29,{Gennady Whiteman},0,0,0,71,68,Alan Ward,"",1450,NikMaestro,Aleksandr Shterc,Paramedic,122,Nechto
608,50155,-117,Outclassed by Lab Monkeys,2,0,0,7,0,15,132,6,0,0,0,0,0,0,0,0,0,0,0,3,0,7,3,"",0,0,0,18,3,Gleb Sobachkin,Medical Intern,5600,OrbDogg,"","",0,""
609,50156,11942,The Pride of Science Itself,5,83,10004,50,0,1,660,49,0,0,0,0,0,0,0,0,0,0,0,37,2,79,47,{Tate Benford},0,0,0,166,29,Goodny Mists,Shaft Miner,5470,Goodny,Pari Rigare,"",58,ReaperOrigin
610,50159,182,Skillful Servants of Science,0,72,2155,14,0,62,760,36,0,0,0,0,0,0,0,0,0,0,0,29,3,69,43,"",0,0,0,121,22,Alex Mochacha,Xenoarchaeologist,760,CodyZ2,Illia Bronson,Botanist,47,MefistoMad
611,50161,4621,Promotions for Everyone,9,50,1442,7,0,0,306,0,0,0,0,0,0,0,0,0,0,0,0,12,1,27,15,"",1,0,0,200,0,Werner Von Schmidt,Head of Personnel,1450,Number360,Makskim Shomski,Geneticist,12,Herty
612,50162,7799,Ambassadors of Discovery,14,101,5304,81,0,0,1836,40,0,0,0,0,0,0,0,0,0,0,0,22,10,78,35,{Nikolas Marcotte},1,0,0,186,8,Flint Vader,Clown Candidate,6820,Bozzie,Tamsin Winton,Medical Doctor,22,Shahmatist
613,50163,1658,Promotions for Everyone,0,20,484,49,0,1,211,0,0,0,0,0,0,0,0,0,0,0,0,7,1,24,7,"",0,0,0,40,7,Werner Von Schmidt,Head of Personnel,7911,Number360,Lenin,Clown,6,Duke of Orkney
614,50165,-140,Outclassed by Lab Monkeys,0,0,85,7,0,8,220,0,0,0,0,0,0,0,0,0,0,0,0,1,0,4,3,"",0,0,0,1,1,Mike Ward,Quartermaster,275,Misha.Jedi14,"","",0,""
